id,title,description,link,image_link,price,availability,brand,condition,mpn
sophie-top-black,SOPHIE TOP,<p>Sporty top.<br>Adjustable thin shoulders straps.<br>Decorative seam on the edges.<br>Opaque – fully lined.<br>Not padded.<br>Quick drying.<br>Matte finish Italian lycra fabric</p>,https://bilalithelabel.com/products/sophie-top-black,https://cdn.shopify.com/s/files/1/0821/8044/0409/files/sophie-bikini-bandeau-top-black.jpg?v=1743420489,89.0 EUR,in stock,BILALI The Label,new,SS-2025-01-01
alessia-top-black,ALESSIA TOP,<p>Strap bandeau top.<br>Adjustable over the shoulder straps.<br>Decorative seam on the edges.<br>Opaque – fully lined.<br>Not padded.<br>Quick drying.<br>Matte finish.<br>Italian lycra fabric.</p>,https://bilalithelabel.com/products/alessia-top-black,https://cdn.shopify.com/s/files/1/0821/8044/0409/files/D7870E03-EF5C-483C-90E1-AB7F9B3A934B.png?v=1743439023,89.0 EUR,in stock,BILALI The Label,new,SW-2022-03-01
lorene-top-black,LORENE TOP,<p>Triangle top. <br>Adjustable over the shoulder and under the bust straps. <br>Not padded. <br>Quick drying. <br>Matte finish. <br>Italian lycra fabric.</p>,https://bilalithelabel.com/products/lorene-top-black,https://cdn.shopify.com/s/files/1/0821/8044/0409/files/lorene-triangle-bikini-top-black.jpg?v=1743751095,89.0 EUR,in stock,BILALI The Label,new,SS-2025-02-01
lorene-top-off-white,LORENE TOP,<p>Triangle top<br>Adjustable over the shoulder straps<br>Adjustable under the bust strap<br>Opaque - fully lined<br>Not padded <br>Quick drying<br>Matte finish<br>Italian Lycra Fabric</p>,https://bilalithelabel.com/products/lorene-top-off-white,https://cdn.shopify.com/s/files/1/0821/8044/0409/files/lorene-triangle-bikini-top-white.jpg?v=1743420874,89.0 EUR,in stock,BILALI The Label,new,SW-2022-02-03
lorene-top-beige,LORENE TOP,<p>Triangle top. <br>Adjustable over the shoulder and under the bust straps. <br>Not padded. <br>Quick drying. <br>Matte finish. <br>Italian lycra fabric.</p>,https://bilalithelabel.com/products/lorene-top-beige,https://cdn.shopify.com/s/files/1/0821/8044/0409/files/lorene-triangle-bikini-top-beige-bilalithelabel.jpg?v=1743457326,89.0 EUR,in stock,BILALI The Label,new,SW-2022-02-02
alisa-top-black,ALISA TOP,<p>Strapless bandeau top. <br>Side boning for more hold. <br>Silicon rubber inside for no slipping. <br>Decorative seam on the edges.<br>Opaque - fully lined. <br>Not padded Quick drying. <br>Matte finish Italian lycra fabric.</p>,https://bilalithelabel.com/products/alisa-top-black,https://cdn.shopify.com/s/files/1/0821/8044/0409/files/alisa-bikini-bandeau-top-black.jpg?v=1743420560,89.0 EUR,in stock,BILALI The Label,new,SW-2025-04-01
rike-dress-champagne,RIKE DRESS,<p>Rike is a short blouse-dress. <br>Asymmetrical casual cut with long sleeves. <br>Light italian satin fabric.</p>,https://bilalithelabel.com/products/rike-dress-champagne,https://cdn.shopify.com/s/files/1/0821/8044/0409/files/rike-short-satin-dress-champagne.jpg?v=1744706243,129.0 EUR,in stock,BILALI The Label,new,RW-2022-13-05
michaela-dress-rose,MICHAELA DRESS,<p>Long sleeved blouse dress with adjustable loops. <br>Asymmetrical casual cut. <br>Light italian satin fabric.</p>,https://bilalithelabel.com/products/michaela-dress-rose,https://cdn.shopify.com/s/files/1/0821/8044/0409/files/Michaela-Dress-Ros.jpg?v=1712313825,139.0 EUR,in stock,BILALI The Label,new,RW-2022-12-04
evelyn-pareo-black,EVELYN PAREO,"<p>Pareo wrap skirt.<br>Versatile multiuse cover-up garment.<br>Can be tied on the hips or above the bust.<br>Simple cover-up for head, shoulders or other parts from the sun.<br>Soft italian twill fabric.</p>",https://bilalithelabel.com/products/evelyn-pareo-black,https://cdn.shopify.com/s/files/1/0821/8044/0409/files/Evelyn-Pareo-Black.jpg?v=1711975554,69.0 EUR,in stock,BILALI The Label,new,evelyn-pareo-black
evelyn-pareo-white,EVELYN PAREO,"Pareo wrap skirt.
Versatile multiuse cover-up garment.
Can be tied on the hips or above the bust.
Simple cover-up for head, shoulders or other parts from the sun.
Soft italian twill fabric.",https://bilalithelabel.com/products/evelyn-pareo-white,https://cdn.shopify.com/s/files/1/0821/8044/0409/files/Evelyn-Pareo-White.jpg?v=1711975627,69.0 EUR,in stock,BILALI The Label,new,RW-2022-14-07
evelyn-pareo-anthracite,EVELYN PAREO,"<p>Pareo wrap skirt.<br>Versatile multiuse cover-up garment.<br>Can be tied on the hips or above the bust.<br>Simple cover-up for head, shoulders or other parts from the sun.<br>Soft italian twill fabric.</p>",https://bilalithelabel.com/products/evelyn-pareo-anthracite,https://cdn.shopify.com/s/files/1/0821/8044/0409/files/evelyn-pareo-anthracite-front.jpg?v=1744707193,69.0 EUR,in stock,BILALI The Label,new,RW-2023-14-15
evelyn-pareo-khaki,EVELYN PAREO,"<p>Pareo wrap skirt.<br>Versatile multiuse cover-up garment.<br>Can be tied on the hips or above the bust.<br>Simple cover-up for head, shoulders or other parts from the sun.<br>Soft italian twill fabric.</p>
<!---->",https://bilalithelabel.com/products/evelyn-pareo-khaki,https://cdn.shopify.com/s/files/1/0821/8044/0409/files/evelyn_pareo_khaki_front.jpg?v=1744707316,69.0 EUR,in stock,BILALI The Label,new,RW-2022-14-14
evelyn-pareo-brown,EVELYN PAREO,"<p>Pareo wrap skirt.<br>Versatile multiuse cover-up garment.<br>Can be tied on the hips or above the bust.<br>Simple cover-up for head, shoulders or other parts from the sun.<br>Soft italian twill fabric.</p>",https://bilalithelabel.com/products/evelyn-pareo-brown,https://cdn.shopify.com/s/files/1/0821/8044/0409/files/Evelyn-Pareo-Brown.jpg?v=1712313791,69.0 EUR,in stock,BILALI The Label,new,RW-2022-14-16
maja-top-antharcite,MAJA TOP,<p>Triangle top. <br>Adjustable shoulders straps.<br>Ties at the back.<br>Decorative seam on the edges.<br>Opaque – fully lined.<br>Not padded.<br>Quick drying.<br>Shiny Lycra fabric.</p>,https://bilalithelabel.com/products/maja-top-antharcite,https://cdn.shopify.com/s/files/1/0821/8044/0409/files/maja-triangle-bikini-top-anthracite.jpg?v=1743750949,89.0 EUR,in stock,BILALI The Label,new,SS-2025-18-11
maja-top-champagne,MAJA TOP,<p>Triangle top. <br>Adjustable shoulders straps.<br>Ties at the back.<br>Decorative seam on the edges.<br>Opaque – fully lined.<br>Not padded.<br>Quick drying.<br>Shiny Lycra fabric.</p>,https://bilalithelabel.com/products/maja-top-champagne,https://cdn.shopify.com/s/files/1/0821/8044/0409/files/maja-triangle-bikini-top-champagne.jpg?v=1743750367,89.0 EUR,in stock,BILALI The Label,new,SS-2025-18-10
valentina-bottom-anthracite,VALENTINA BOTTOM,<p>U-Cut bottom.<br>High-waist cut.<br>Adjustable side tie straps.<br>Decorative seam on the edges.<br>Opaque – fully lined.<br>Not padded.<br>Quick drying.<br>Shiny Lycra fabric.</p>,https://bilalithelabel.com/products/valentina-bottom-anthracite,https://cdn.shopify.com/s/files/1/0821/8044/0409/files/valentina-brazilian-bikini-bottom-anthracite.jpg?v=1743750877,89.0 EUR,in stock,BILALI The Label,new,SS-2025-19-11
valentina-bottom-champagne,VALENTINA BOTTOM,<p>U-Cut bottom.<br>High-waist cut.<br>Adjustable side tie straps.<br>Decorative seam on the edges.<br>Opaque – fully lined.<br>Not padded.<br>Quick drying.<br>Shiny Lycra fabric.</p>,https://bilalithelabel.com/products/valentina-bottom-champagne,https://cdn.shopify.com/s/files/1/0821/8044/0409/files/valentina-brazilian-bikini-bottom-champagne.jpg?v=1744190911,89.0 EUR,in stock,BILALI The Label,new,SS-2025-19-09
medina-top-khaki,MEDINA TOP,<p>Wrap beandeau top.<br>Ties at the back.<br>Adjustable thick shoulders straps.<br>Ruched sides for adjustable coverage.<br>Decorative seam on the edges.<br>Opaque – fully lined.<br>Not padded.<br>Quick drying.<br>Shiny Lycra fabric.</p>,https://bilalithelabel.com/products/medina-top-khaki,https://cdn.shopify.com/s/files/1/0821/8044/0409/files/medina-bandeau-bikini-top-khaki.jpg?v=1743750499,89.0 EUR,in stock,BILALI The Label,new,SS-2025-16-09
kira-bottom-khaki,KIRA BOTTOM,<p>Brazilian bikini bottom.<br>Wide seamless band.<br>Ruched front and back for adjustable coverage.<br>Wrap top.<br>Ties at the back.<br>Opaque – fully lined.<br>Not padded.<br>Quick drying.<br>Shiny finish Lycra.</p>,https://bilalithelabel.com/products/kira-bottom-khaki,https://cdn.shopify.com/s/files/1/0821/8044/0409/files/kira-brazilian-bikini-bottom-khaki.jpg?v=1743750654,89.0 EUR,in stock,BILALI The Label,new,SS-2025-17-09
rina-top-brown,RINA TOP,<p>Sporty wrap top.<br>Adjustable thick shoulders straps.<br>Ruched front seam for adjustable coverage.<br>Ties at the back.<br>Decorative seam on the edges.<br>Opaque – fully lined.<br>Not padded.<br>Quick drying.<br>Shiny Lycra fabric.</p>,https://bilalithelabel.com/products/rina-top-brown,https://cdn.shopify.com/s/files/1/0821/8044/0409/files/rina-bandeau-bikini-top-brown.jpg?v=1743751205,89.0 EUR,in stock,BILALI The Label,new,SW-2023-20-13
frida-bottom-brown,FRIDA BOTTOM,<p>Sporty wrap top.<br>Adjustable thick shoulders straps.<br>Ruched front seam for adjustable coverage.<br>Ties at the back.<br>Decorative seam on the edges.<br>Opaque – fully lined.<br>Not padded.<br>Quick drying.<br>Shiny Lycra fabric.</p>,https://bilalithelabel.com/products/frida-bottom-brown,https://cdn.shopify.com/s/files/1/0821/8044/0409/files/frida-brazilian-bikini-bottom-brown.jpg?v=1743751321,89.0 EUR,in stock,BILALI The Label,new,SW-2023-21-13
xenia-bottom-black,XENIA BOTTOM,<p>Mid waist bottom.<br>High leg cut.<br>Seamless finish.<br>Opaque – fully lined.<br>Quick drying.<br>Matte finish.<br>Italian lycra fabric.</p>,https://bilalithelabel.com/products/xenia-bottom-black,https://cdn.shopify.com/s/files/1/0821/8044/0409/files/Xenia-Bottom-Black.jpg?v=1739269903,89.0 EUR,in stock,BILALI The Label,new,SS-2025-10-01
sara-bottom-black,SARA BOTTOM,<p>Strap bottom.<br>Thin side straps.<br>Can be worn higher or lower.<br>Decorative seam on the edges.<br>Opaque – fully lined.<br>Quick drying.<br>Matte finish.<br>Italian lycra fabric.</p>,https://bilalithelabel.com/products/sara-bottom-black,https://cdn.shopify.com/s/files/1/0821/8044/0409/files/sara-brazilian-bikini-bottom-black.jpg?v=1743750689,89.0 EUR,in stock,BILALI The Label,new,SS-2025-07-01
sara-bottom-off-white,SARA BOTTOM,<p>Strap bottom.<br>Thin side straps.<br>Can be worn higher or lower.<br>Decorative seam on the edges.<br>Opaque – fully lined.<br>Quick drying.<br>Matte finish.<br>Italian lycra fabric.</p>,https://bilalithelabel.com/products/sara-bottom-off-white,https://cdn.shopify.com/s/files/1/0821/8044/0409/files/sara-brazilian-bikini-bottom-offwhite.jpg?v=1743750851,89.0 EUR,in stock,BILALI The Label,new,SS-2025-07-18
sara-bottom-beige,SARA BOTTOM,<p>Strap bottom.<br>Thin side straps.<br>Can be worn higher or lower.<br>Decorative seam on the edges.<br>Opaque – fully lined.<br>Quick drying.<br>Matte finish.<br>Italian lycra fabric.</p>,https://bilalithelabel.com/products/sara-bottom-beige,https://cdn.shopify.com/s/files/1/0821/8044/0409/files/sara-brazilian-bikini-bottom-beige.jpg?v=1743436602,89.0 EUR,in stock,BILALI The Label,new,SW-2022-07-03
caecilia-bottom-black,CÄCILIA BOTTOM,<p>Sporty bottom.<br>Decorative seam on the edges.<br>Opaque – fully lined.<br>Quick drying.<br>Matte finish.<br>Italian lycra fabric.</p>,https://bilalithelabel.com/products/caecilia-bottom-black,https://cdn.shopify.com/s/files/1/0821/8044/0409/files/Caecilia-Bottom-Black.jpg?v=1743439020,89.0 EUR,in stock,BILALI The Label,new,SW-2022-06-01
maria-bottom-black,MARIA BOTTOM,<p>V-shaped bottom.<br>Mid rise cut with high leg.<br>Decorative seam on the edges.<br>Opaque – fully lined.<br>Quick drying.<br>Matte finish.<br>Italian lycra fabric.</p>,https://bilalithelabel.com/products/maria-bottom-black,https://cdn.shopify.com/s/files/1/0821/8044/0409/files/maria-bottom-black-back.jpg?v=1744718828,89.0 EUR,in stock,BILALI The Label,new,SW-2022-09-01
maxine-pareo-beige,MAXINE PAREO,"<p>Pareo wrap skirt.<br>Semi-transparent.<br>Versatile multiuse cover-up garment.<br>Can be tied on the hips.<br>Cover-up for head, shoulders or other parts from the sun light.<br>Light italian chiffon fabric.<br></p>",https://bilalithelabel.com/products/maxine-pareo-beige,https://cdn.shopify.com/s/files/1/0821/8044/0409/files/Maxine-Pareo-Beige.jpg?v=1712566439,59.0 EUR,in stock,BILALI The Label,new,maxine-pareo-beige
giorga-top-black,GIORGIA TOP,<p>Triangle top.<br>Ultra thin straps.<br>Ties at the back and neck.<br>Opaque - fully lined.<br>Not padded.<br>Quick drying.<br>Matte finish.<br>Italian Lycra Fabric.</p>,https://bilalithelabel.com/products/giorga-top-black,https://cdn.shopify.com/s/files/1/0821/8044/0409/files/giorgia-triangle-bikini-top-black.jpg?v=1743751039,89.0 EUR,in stock,BILALI The Label,new,SS-2025-22-01
gilda-onepiece-black,GILDA ONEPIECE,<p>Onepiece.<br>High-rise cut with high leg.<br>Adjustable shoulder straps.<br>Deep back neckline.<br>Opaque - fully lined.<br>Quick drying.<br>Matte finish.<br>Italian Lycra Fabric.</p>,https://bilalithelabel.com/products/gilda-onepiece-black,https://cdn.shopify.com/s/files/1/0821/8044/0409/files/gilda-onepiece-swimsuit-black.jpg?v=1743751160,159.0 EUR,in stock,BILALI The Label ,new,SS-2025-40-01
arnela-top-black,ARNELA TOP,<p>Sporty top.<br>Ultra thin straps.<br>Opaque - fully lined.<br>Not padded.<br>Quick drying.<br>Matte finish.<br>Italian Lycra Fabric.</p>,https://bilalithelabel.com/products/arnela-top-black,https://cdn.shopify.com/s/files/1/0821/8044/0409/files/arnela-bikini-top-black.jpg?v=1743750532,99.0 EUR,in stock,BILALI The Label,new,SS-2025-24-01
kaia-bottom-black,KAIA BOTTOM,<p>Strap  bottom.<br>Mid to high waist cut.<br>Ultra thin straps.<br>Tie straps on the side.<br>Opaque - fully lined.<br>Not padded.<br>Quick drying.<br>Matte finish.<br>Italian Lycra Fabric.</p>,https://bilalithelabel.com/products/kaia-bottom-black,https://cdn.shopify.com/s/files/1/0821/8044/0409/files/kaia-brazilian-bikini-bottom-black.jpg?v=1743420767,89.0 EUR,in stock,BILALI The Label,new,SS-2025-25-01
alisa-top-black-velvet,ALISA TOP,<p>Strapless bandeau top.<br>Adjustable closure at the back.<br>Side boning for more hold.<br>Opaque - fully lined.<br>Not padded.<br>Quick drying.<br>Matte finish.<br>Velvet finish.<br>Italian Lycra Fabric.</p>,https://bilalithelabel.com/products/alisa-top-black-velvet,https://cdn.shopify.com/s/files/1/0821/8044/0409/files/alisa-bandeau-bikini-top-black-velvet.jpg?v=1743421921,99.0 EUR,in stock,BILALI The Label,new,SS-2025-38-21
amara-top-black-velvet,AMARA TOP,<p>Butterfly triangle top.<br>Ties at the back.<br>Adjustable thin shoulders straps.<br>Ruched sides for adjustable coverage.<br>Opaque - fully lined.<br>Not padded.<br>Quick drying.<br>Velvet finish.<br>Italian Lycra Fabric.</p>,https://bilalithelabel.com/products/amara-top-black-velvet,https://cdn.shopify.com/s/files/1/0821/8044/0409/files/amara-top-black-velvet.jpg?v=1743750579,99.0 EUR,in stock,BILALI The Label,new,SS-2025-36-21
zoe-bottom-black-velvet,ZOE BOTTOM,<p>U-Cut bottom.<br>High waist cut.<br>Ruching back detail.<br>Opaque - fully lined.<br>Not padded.<br>Quick drying.<br>Velvet finish.<br>Italian Lycra Fabric.</p>,https://bilalithelabel.com/products/zoe-bottom-black-velvet,https://cdn.shopify.com/s/files/1/0821/8044/0409/files/zoe-brazilian-bikini-bottom-black-velvet.jpg?v=1744190882,99.0 EUR,in stock,BILALI The Label,new,SS-2025-39-21
angelina-top-black,ANGELINA TOP,<p>Crincle triangle top.<br>Adjustable over the shoulder straps.<br>Ties at the back.<br>Opaque - fully lined.<br>Not padded.<br>Quick drying.<br>Matte finish.<br>Italian Lycra Fabric.</p>,https://bilalithelabel.com/products/angelina-top-black,https://cdn.shopify.com/s/files/1/0821/8044/0409/files/giorgia-bikini-top-black.jpg?v=1745005719,99.0 EUR,in stock,BILALI The Label,new,SS-2025-26-01
mila-bottom-black,MILA BOTTOM,<p>Crincle stap bottom.<br>Mid to high waist cut.<br>Tie straps on the side.<br>Opaque - fully lined.<br>Not padded.<br>Quick drying.<br>Matte finish.<br>Italian Lycra Fabric.</p>,https://bilalithelabel.com/products/mila-bottom-black,https://cdn.shopify.com/s/files/1/0821/8044/0409/files/mila-brazilian-bikini-bottom-back.jpg?v=1743751242,99.0 EUR,in stock,BILALI The Label,new,SS-2025-27-01
chiara-top-offwhite,CHIARA TOP,<p>Wrap beandeau top.<br>Ties at the back.<br>Adjustable thin shoulders straps.<br>Ruched sides for adjustable coverage.<br>Opaque - fully lined.<br>Not padded.<br>Quick drying.<br>Matte finish.<br>Italian Lycra Fabric.</p>,https://bilalithelabel.com/products/chiara-top-offwhite,https://cdn.shopify.com/s/files/1/0821/8044/0409/files/chiara-bandeau-bikini-top-offwhite.jpg?v=1743750748,99.0 EUR,in stock,BILALI The Label,new,SS-2025-28-18
noa-bottom-offwhite,NOA BOTTOM,<p>Brazilian bikini bottom.<br>Adjustable thin side straps.<br>Ruched front and back for adjustable coverage.<br>Opaque - fully lined.<br>Not padded.<br>Quick drying.<br>Matte finish.<br>Italian Lycra Fabric.</p>,https://bilalithelabel.com/products/noa-bottom-offwhite,https://cdn.shopify.com/s/files/1/0821/8044/0409/files/noa-brazilian-bikini-bottom-white.jpg?v=1744190959,99.0 EUR,in stock,BILALI The Label,new,SS-2025-29-18
maja-top-dark-brown,MAJA TOP,<p>Triangle top.<br>Adjustable shoulders straps.<br>Ties at the back.<br>Opaque - fully lined.<br>Not padded.<br>Quick drying.<br>Shiny finish.<br>Italian Lycra Fabric.</p>,https://bilalithelabel.com/products/maja-top-dark-brown,https://cdn.shopify.com/s/files/1/0821/8044/0409/files/maja-triangle-bikini-top-brown.jpg?v=1743420345,89.0 EUR,in stock,BILALI The Label ,new,SS-2025-18-20
maja-top-khaki,MAJA TOP,<p>Triangle top.<br>Adjustable shoulders straps.<br>Ties at the back.<br>Opaque - fully lined.<br>Not padded.<br>Quick drying.<br>Shiny finish.<br>Italian Lycra Fabric.</p>,https://bilalithelabel.com/products/maja-top-khaki,https://cdn.shopify.com/s/files/1/0821/8044/0409/files/maja-triangle-bikini-top-khaki.jpg?v=1743751012,89.0 EUR,in stock,BILALI The Label ,new,SS-2025-18-09
lorene-top-ocean-blue,LORENE TOP,"<p><span style=""font-size: 0.875rem;"">Triangle top.<br></span>Adjustable over the shoulder straps.<br>Adjustable under the bust strap.<br>Opaque - fully lined.<br>Not padded.<br>Quick drying.<br>Matte finish.<br>Italian Lycra Fabric.</p>",https://bilalithelabel.com/products/lorene-top-ocean-blue,https://cdn.shopify.com/s/files/1/0821/8044/0409/files/lorene-triangle-bikini-top-oceanblue.jpg?v=1743751133,89.0 EUR,in stock,BILALI The Label,new,SS-2025-02-17
lorene-top-brown,LORENE TOP,<p>Triangle top.<br>Adjustable over the shoulder straps.<br>Adjustable under the bust strap.<br>Opaque - fully lined.<br>Not padded.<br>Quick drying.<br>Matte finish.<br>Italian Lycra Fabric.</p>,https://bilalithelabel.com/products/lorene-top-brown,https://cdn.shopify.com/s/files/1/0821/8044/0409/files/lorene-triangle-bikini-top-brown.jpg?v=1743420144,89.0 EUR,in stock,BILALI The Label ,new,SS-2025-02-19
valentina-bottom-khaki,VALENTINA BOTTOM,"<p>Strap<span style=""mso-spacerun: yes;"">  </span>bottom <br>Mid to high waist cut<br>Tie straps on the side<br>Opaque - fully lined<br>Not padded<br>Quick drying<br>Shiny finish<br>Italian Lycra Fabric</p>",https://bilalithelabel.com/products/valentina-bottom-khaki,https://cdn.shopify.com/s/files/1/0821/8044/0409/files/valentina-brazilian-bikini-bottom-khaki.jpg?v=1743751067,89.0 EUR,in stock,BILALI The Label ,new,SS-2025-19-09
valentina-bottom-dark-brown,VALENTINA BOTTOM,"<p>Strap<span style=""mso-spacerun: yes;""> </span>bottom <br>Mid to high waist cut<br>Tie straps on the side<br>Opaque - fully lined<br>Not padded<br>Quick drying<br>Shiny finish<br>Italian Lycra Fabric</p>",https://bilalithelabel.com/products/valentina-bottom-dark-brown,https://cdn.shopify.com/s/files/1/0821/8044/0409/files/valentina-brazilian-bikini-bottom-brown.jpg?v=1743420267,89.0 EUR,in stock,BILALI The Label,new,SS-2025-19-20
sara-bottom-brown,SARA BOTTOM,<p>Strap bottom <br>Adjustable side straps<br>Can be worn high or low waist<br>Opaque - fully lined<br>Quick drying<br>Matte finish<br>Italian Lycra Fabric</p>,https://bilalithelabel.com/products/sara-bottom-brown,https://cdn.shopify.com/s/files/1/0821/8044/0409/files/Sara_Brazilian_Bikini_Bottom_Brown.jpg?v=1743418151,89.0 EUR,in stock,BILALI The Label,new,SS-2025-07-19
sara-bottom-ocean-blue,SARA BOTTOM,<p>Strap bottom. <br>Adjustable side straps.<br>Can be worn high or low waist.<br>Opaque - fully lined.<br>Quick drying.<br>Matte finish.<br>Italian Lycra Fabric.</p>,https://bilalithelabel.com/products/sara-bottom-ocean-blue,https://cdn.shopify.com/s/files/1/0821/8044/0409/files/Sara_Brazilian_Bikini_Bottom_Ocean_Blue.jpg?v=1743418117,89.0 EUR,in stock,BILALI The Label,new,SS-2025-07-17
gia-bottom-black-velvet,GIA BOTTOM,<p>U-Cut strap bottom.<br>High waist cut.<br>Tie straps on the side.<br>Ruching back detail.<br>Opaque - fully lined.<br>Not padded.<br>Quick drying.<br>Velvet finish.<br>Italian Lycra Fabric.</p>,https://bilalithelabel.com/products/gia-bottom-black-velvet,https://cdn.shopify.com/s/files/1/0821/8044/0409/files/8A82EC8E-7D4A-461E-998C-CF409C8D21C0.jpg?v=1746623611,99.0 EUR,in stock,BILALI The Label,new,SS-2025-37-21
