Handle,Title,Body (HTML),Vendor,Product Category,Type,Tags,Published,Option1 Name,Option1 Value,Option1 Linked To,Option2 Name,Option2 Value,Option2 Linked To,Option3 Name,Option3 Value,Option3 Linked To,Variant SKU,Variant Grams,Variant Inventory Tracker,Variant Inventory Policy,Variant Fulfillment Service,Variant Price,Variant Compare At Price,Variant Requires Shipping,Variant Taxable,Variant Barcode,Image Src,Image Position,Image Alt Text,Gift Card,SEO Title,SEO Description,Google Shopping / Google Product Category,Google Shopping / Gender,Google Shopping / Age Group,Google Shopping / MPN,Google Shopping / Condition,Google Shopping / Custom Product,Google Shopping / Custom Label 0,Google Shopping / Custom Label 1,Google Shopping / Custom Label 2,Google Shopping / Custom Label 3,Google Shopping / Custom Label 4,Country of Origin (product.metafields.custom.country_of_origin),Description of the good (product.metafields.custom.description_of_the_good),HS Code (product.metafields.custom.hs_code),Google: Custom Product (product.metafields.mm-google-shopping.custom_product),Altersgruppe (product.metafields.shopify.age-group),Farbe (product.metafields.shopify.color-pattern),Stoff (product.metafields.shopify.fabric),Größe (product.metafields.shopify.size),Eigenschaften der Badebekleidung (product.metafields.shopify.swimwear-features),Zielgeschlecht (product.metafields.shopify.target-gender),Ergänzende Produkte (product.metafields.shopify--discovery--product_recommendation.complementary_products),Ähnliche Produkte (product.metafields.shopify--discovery--product_recommendation.related_products),Einstellungen für ähnliche Produkte (product.metafields.shopify--discovery--product_recommendation.related_products_display),Produktboosts suchen (product.metafields.shopify--discovery--product_search_boost.queries),Variant Image,Variant Weight Unit,Variant Tax Code,Cost per item,Status
sophie-top-black,SOPHIE TOP,<p>Sporty top.<br>Adjustable thin shoulders straps.<br>Decorative seam on the edges.<br>Opaque – fully lined.<br>Not padded.<br>Quick drying.<br>Matte finish Italian lycra fabric</p>,BILALI The Label,Apparel & Accessories > Clothing > Swimwear,Swimwear,"basic, swimwear, tops",true,Color,BLACK,,Size,S,,,,,SS-2025-01-01,34000.0,shopify,deny,manual,89.00,,true,true,"",https://cdn.shopify.com/s/files/1/0821/8044/0409/files/sophie-bikini-bandeau-top-black.jpg?v=1743420489,1,"Stylish Sophie Bandeau Bikini made of black Italian Lycra fabric with adjustable straps - soft seam, fast-drying, more comfort and perfect fit",false,Sophie Top - Black ,"Sporty top.
Adjustable thin shoulders straps.
Decorative seam on the edges.
Opaque – fully lined.
Not padded.
Quick drying.
Matte finish Italian lycra fabric.",166,,,,new,FALSE,,,,,,,,,FALSE,erwachsene,,,l; m; s,schmeichelnde-silhouette; leicht; schnelltrocknend; verstellbarer-riemen,,"",xenia-bottom-black; caecilia-bottom-black; maria-bottom-black,only manual,,,kg,,,active
sophie-top-black,,,,,,,,,BLACK,,,M,,,,,SS-2025-01-01,38000.0,shopify,deny,manual,89.00,,true,true,"",https://cdn.shopify.com/s/files/1/0821/8044/0409/files/Xenia-Bottom-Black.jpg?v=1739269903,2,BLACK,,,,,,,,,,,,,,,,,,,,,,,,,,,,,,kg,,,
sophie-top-black,,,,,,,,,BLACK,,,L,,,,,SS-2025-01-01,43000.0,shopify,deny,manual,89.00,,true,true,"",https://cdn.shopify.com/s/files/1/0821/8044/0409/files/F00D9B9C-F994-45E8-A7B9-6CA4CBC48559.jpg?v=1744361724,3,"",,,,,,,,,,,,,,,,,,,,,,,,,,,,,,kg,,,
alessia-top-black,ALESSIA TOP,<p>Strap bandeau top.<br>Adjustable over the shoulder straps.<br>Decorative seam on the edges.<br>Opaque – fully lined.<br>Not padded.<br>Quick drying.<br>Matte finish.<br>Italian lycra fabric.</p>,BILALI The Label,Apparel & Accessories > Clothing > Swimwear,Swimwear,"basic, swimwear, tops",true,Color,BLACK,,Size,S,,,,,SW-2022-03-01,35000.0,shopify,deny,manual,89.00,,true,true,"",https://cdn.shopify.com/s/files/1/0821/8044/0409/files/D7870E03-EF5C-483C-90E1-AB7F9B3A934B.png?v=1743439023,1,"",false,Alessia Top ,"Strap bandeau top.
Adjustable over the shoulder straps.
Decorative seam on the edges.
Opaque – fully lined.
Not padded.
Quick drying.
Matte finish.
Italian lycra fabric.",166,,,,new,FALSE,,,,,,,,,FALSE,,,,,,,"",caecilia-bottom-black; xenia-bottom-black; sara-bottom-black; evelyn-pareo-black,only manual,,,kg,,,active
alessia-top-black,,,,,,,,,BLACK,,,M,,,,,SW-2022-03-01,38000.0,shopify,deny,manual,89.00,,true,true,"",https://cdn.shopify.com/s/files/1/0821/8044/0409/files/Caecilia-Bottom-Black.jpg?v=1743439020,2,BLACK,,,,,,,,,,,,,,,,,,,,,,,,,,,,,,kg,,,
alessia-top-black,,,,,,,,,BLACK,,,L,,,,,SW-2022-03-01,41000.0,shopify,deny,manual,89.00,,true,true,"",https://cdn.shopify.com/s/files/1/0821/8044/0409/files/black-strap-bandeau-bikini-top-front.jpg?v=1744705147,3,"",,,,,,,,,,,,,,,,,,,,,,,,,,,,,,kg,,,
alessia-top-black,,,,,,,,,,,,,,,,,,,,,,,,,,,https://cdn.shopify.com/s/files/1/0821/8044/0409/files/476B8542-6794-41D9-88A5-EC97EE70AEBF.jpg?v=1745349869,4,"",,,,,,,,,,,,,,,,,,,,,,,,,,,,,,,,,
lorene-top-black,LORENE TOP,<p>Triangle top. <br>Adjustable over the shoulder and under the bust straps. <br>Not padded. <br>Quick drying. <br>Matte finish. <br>Italian lycra fabric.</p>,BILALI The Label,Apparel & Accessories > Clothing > Swimwear,Swimwear,"basic, swimwear, tops",true,Color,BLACK,,Size,S,,,,,SS-2025-02-01,32000.0,shopify,deny,manual,89.00,,true,true,,https://cdn.shopify.com/s/files/1/0821/8044/0409/files/lorene-triangle-bikini-top-black.jpg?v=1743751095,1,"Stylish Lorene Triangle Bikini Top made of black Italian Lycra fabric - soft seam, fast-drying, more comfort and perfect fit",false,Lorene Top - Black,Triangle top. Adjustable over the shoulder and under the bust straps. Not padded. Quick drying. Matte finish. Italian lycra fabric.,166,,,,new,FALSE,,,,,,,,,FALSE,erwachsene,,,l; m; s,schmeichelnde-silhouette; leicht,,"",sara-bottom-black; evelyn-pareo-black,only manual,,,kg,,,active
lorene-top-black,,,,,,,,,BLACK,,,M,,,,,SS-2025-02-01,35000.0,shopify,deny,manual,89.00,,true,true,,https://cdn.shopify.com/s/files/1/0821/8044/0409/files/sara-brazilian-bikini-bottom-black.jpg?v=1743750689,2,"Stylish Sara Brazilian Bikini Bottom made of black Italian Lycra fabric - soft seam, fast-drying, more comfort and perfect fit",,,,,,,,,,,,,,,,,,,,,,,,,,,,,,kg,,,
lorene-top-black,,,,,,,,,BLACK,,,L,,,,,SS-2025-02-01,38000.0,shopify,deny,manual,89.00,,true,true,,https://cdn.shopify.com/s/files/1/0821/8044/0409/files/black-triangle-bikini-top-front.jpg?v=1744705373,3,"Luxurious triangle swimwear basic by Bilali the Label. Made from premium Italian Lycra in SoftTheme. Featuring ultra-soft seams, sculpting fit, and fast-drying fabric for effortless elegance on sunny days.",,,,,,,,,,,,,,,,,,,,,,,,,,,,,,kg,,,
lorene-top-black,,,,,,,,,,,,,,,,,,,,,,,,,,,https://cdn.shopify.com/s/files/1/0821/8044/0409/files/triangle-bikini-top-front-black.jpg?v=1744706036,4,"Luxurious triangle swimwear basic by Bilali the Label. Made from premium Italian Lycra in SoftTheme. Featuring ultra-soft seams, sculpting fit, and fast-drying fabric for effortless elegance on sunny days.",,,,,,,,,,,,,,,,,,,,,,,,,,,,,,,,,
lorene-top-black,,,,,,,,,,,,,,,,,,,,,,,,,,,https://cdn.shopify.com/s/files/1/0821/8044/0409/files/black-brazilian-bikini-bottom-back.jpg?v=1744705397,5,"Luxurious, one-colored Brazilian bikini bottom by Bilali the Label. Made from premium Italian Lycra. Featuring ultra-soft seams, a minimalistic basic bikini design, second-skin fit, and fast-drying fabric for effortless elegance on sunny days.",,,,,,,,,,,,,,,,,,,,,,,,,,,,,,,,,
lorene-top-off-white,LORENE TOP,<p>Triangle top<br>Adjustable over the shoulder straps<br>Adjustable under the bust strap<br>Opaque - fully lined<br>Not padded <br>Quick drying<br>Matte finish<br>Italian Lycra Fabric</p>,BILALI The Label,Apparel & Accessories > Clothing > Swimwear,Swimwear,"basic, swimwear, tops",true,Color,OFF-WHITE,,Size,S,,,,,SW-2022-02-03,32000.0,shopify,deny,manual,89.00,,true,true,"",https://cdn.shopify.com/s/files/1/0821/8044/0409/files/lorene-triangle-bikini-top-white.jpg?v=1743420874,1,"Stylish Lorene Triangle Bikini Top made of white Italian Lycra fabric with adjustable ties - soft seam, fast-drying, more comfort and perfect fit",false,Lorene Top - Offwhite,Triangle top. Adjustable over the shoulder and under the bust straps. Not padded. Quick drying. Matte finish. Italian lycra fabric.,166,,adult,,new,FALSE,,,,,,,,,FALSE,erwachsene,,,s; m; l,schmeichelnde-silhouette; leicht,,"",sara-bottom-off-white; evelyn-pareo-white,only manual,,,kg,,,active
lorene-top-off-white,,,,,,,,,OFF-WHITE,,,M,,,,,SW-2022-02-03,35000.0,shopify,deny,manual,89.00,,true,true,"",https://cdn.shopify.com/s/files/1/0821/8044/0409/files/sara-brazilian-bikini-bottom-offwhite.jpg?v=1743750851,2,"Stylish Sara Brazilian Bikini Top made of white Italian Lycra fabric - soft seam, fast-drying, more comfort and perfect fit",,,,,,,,,,,,,,,,,,,,,,,,,,,,,,kg,,,
lorene-top-off-white,,,,,,,,,OFF-WHITE,,,L,,,,,SW-2022-02-03,38000.0,shopify,deny,manual,89.00,,true,true,"",https://cdn.shopify.com/s/files/1/0821/8044/0409/files/white-triangle-top-bikini-front.jpg?v=1744564309,3,"Luxurious triangle swimwear basic by Bilali the Label. Made from premium Italian Lycra in SoftTheme. Featuring ultra-soft seams, sculpting fit, and fast-drying fabric for effortless elegance on sunny days.",,,,,,,,,,,,,,,,,,,,,,,,,,,,,,kg,,,
lorene-top-off-white,,,,,,,,,,,,,,,,,,,,,,,,,,,https://cdn.shopify.com/s/files/1/0821/8044/0409/files/white-brazilian-bikini-bottom-back-bilalithelabel.jpg?v=1745168188,4,"Luxurious, one-colored Brazilian bikini bottom by Bilali the Label. Made from premium Italian Lycra. Featuring ultra-soft seams, a minimalistic basic bikini design, second-skin fit, and fast-drying fabric for effortless elegance on sunny days.",,,,,,,,,,,,,,,,,,,,,,,,,,,,,,,,,
lorene-top-beige,LORENE TOP,<p>Triangle top. <br>Adjustable over the shoulder and under the bust straps. <br>Not padded. <br>Quick drying. <br>Matte finish. <br>Italian lycra fabric.</p>,BILALI The Label,Apparel & Accessories > Clothing > Swimwear,Swimwear,"basic, swimwear, tops",true,Color,BEIGE,,Size,S,,,,,SW-2022-02-02,32000.0,shopify,deny,manual,89.00,,true,true,"",https://cdn.shopify.com/s/files/1/0821/8044/0409/files/lorene-triangle-bikini-top-beige-bilalithelabel.jpg?v=1743457326,1,"",false,Lorene Top - Beige,Triangle top. Adjustable over the shoulder and under the bust straps. Not padded. Quick drying. Matte finish. Italian lycra fabric.,166,,,,new,FALSE,,,,,,,,,FALSE,erwachsene,beige,,l; m; s,schmeichelnde-silhouette; leicht,,"",,only manual,,,kg,,,active
lorene-top-beige,,,,,,,,,BEIGE,,,M,,,,,SW-2022-02-02,35000.0,shopify,deny,manual,89.00,,true,true,"",https://cdn.shopify.com/s/files/1/0821/8044/0409/files/sara-brazilian-bikini-bottom-beige.jpg?v=1743436602,2,"",,,,,,,,,,,,,,,,,,,,,,,,,,,,,,kg,,,
lorene-top-beige,,,,,,,,,BEIGE,,,L,,,,,SW-2022-02-02,38000.0,shopify,deny,manual,89.00,,true,true,"",https://cdn.shopify.com/s/files/1/0821/8044/0409/files/121863B5-C6E9-4FA5-B085-A48D218CCAE7.jpg?v=1744360388,3,"Luxurious triangle swimwear basic by Bilali the Label. Made from premium Italian Lycra in SoftTheme. Featuring ultra-soft seams, sculpting fit, and fast-drying fabric for effortless elegance on sunny days.",,,,,,,,,,,,,,,,,,,,,,,,,,,,,,kg,,,
lorene-top-beige,,,,,,,,,,,,,,,,,,,,,,,,,,,https://cdn.shopify.com/s/files/1/0821/8044/0409/files/403FCF6E-E0C8-400D-95F2-A4670F0E7022.jpg?v=1745349372,4,"",,,,,,,,,,,,,,,,,,,,,,,,,,,,,,,,,
alisa-top-black,ALISA TOP,<p>Strapless bandeau top. <br>Side boning for more hold. <br>Silicon rubber inside for no slipping. <br>Decorative seam on the edges.<br>Opaque - fully lined. <br>Not padded Quick drying. <br>Matte finish Italian lycra fabric.</p>,BILALI The Label,Apparel & Accessories > Clothing > Swimwear,Swimwear,"basic, swimwear, tops",true,Color,BLACK,,Size,S,,,,,SW-2025-04-01,37.0,shopify,deny,manual,89.00,,true,true,"",https://cdn.shopify.com/s/files/1/0821/8044/0409/files/alisa-bikini-bandeau-top-black.jpg?v=1743420560,1,"Stylish Alisa Bandeau Bikini made of black Italian Lycra fabric - soft seam, fast-drying, more comfort and perfect fit",false,Alisa Top - Black ,Strapless bandeau top. Side boning for more hold. Silicon rubber inside for no slipping. Decorative seam on the edges. Opaque - fully lined. Not padded Quick drying. Matte finish Italian lycra fabric.,166,,,,new,FALSE,,,,,,,,,FALSE,,,,,,,"",maria-bottom-black; caecilia-bottom-black; lorene-top-black; evelyn-pareo-black,only manual,,,kg,,,active
alisa-top-black,,,,,,,,,BLACK,,,M,,,,,SW-2025-04-01,41.0,shopify,deny,manual,89.00,,true,true,"",https://cdn.shopify.com/s/files/1/0821/8044/0409/files/maria-bottom-black-back.jpg?v=1744718828,2,"",,,,,,,,,,,,,,,,,,,,,,,,,,,,,,kg,,,
alisa-top-black,,,,,,,,,BLACK,,,L,,,,,SW-2025-04-01,45.0,shopify,deny,manual,89.00,,true,true,"",https://cdn.shopify.com/s/files/1/0821/8044/0409/files/black-bandeau-bikini-top-front.jpg?v=1744705080,3,"",,,,,,,,,,,,,,,,,,,,,,,,,,,,,,kg,,,
alisa-top-black,,,,,,,,,,,,,,,,,,,,,,,,,,,https://cdn.shopify.com/s/files/1/0821/8044/0409/files/A9747603-8A3E-4D01-9E06-89ECF927FCA6.jpg?v=1744354274,4,"",,,,,,,,,,,,,,,,,,,,,,,,,,,,,,,,,
rike-dress-champagne,RIKE DRESS,<p>Rike is a short blouse-dress. <br>Asymmetrical casual cut with long sleeves. <br>Light italian satin fabric.</p>,BILALI The Label,Apparel & Accessories > Clothing > Swimwear,Resortwear,dresses,true,Color,CHAMPAGNE,,Size,XS/S,,,,,RW-2022-13-05,173000.0,shopify,deny,manual,129.00,159.00,true,true,"",https://cdn.shopify.com/s/files/1/0821/8044/0409/files/rike-short-satin-dress-champagne.jpg?v=1744706243,1,"",false,Rike Dress - Champagne,,166,,,,new,FALSE,,,,,,,,,FALSE,,,,,,,"",,only manual,,https://cdn.shopify.com/s/files/1/0821/8044/0409/files/rike-short-satin-dress-champagne.jpg?v=1744706243,kg,,,active
rike-dress-champagne,,,,,,,,,CHAMPAGNE,,,M/L,,,,,RW-2022-13-05,190000.0,shopify,deny,manual,129.00,159.00,true,true,"",https://cdn.shopify.com/s/files/1/0821/8044/0409/files/2021_05_12_bilali_the_label_0687_kleid.jpg?v=1711974372,2,"",,,,,,,,,,,,,,,,,,,,,,,,,,,,,https://cdn.shopify.com/s/files/1/0821/8044/0409/files/rike-short-satin-dress-champagne.jpg?v=1744706243,kg,,,
rike-dress-champagne,,,,,,,,,,,,,,,,,,,,,,,,,,,https://cdn.shopify.com/s/files/1/0821/8044/0409/files/B244DC94-B72B-4C40-9B26-467555649CFC.jpg?v=1745359135,3,"",,,,,,,,,,,,,,,,,,,,,,,,,,,,,,,,,
rike-dress-champagne,,,,,,,,,,,,,,,,,,,,,,,,,,,https://cdn.shopify.com/s/files/1/0821/8044/0409/files/DB44F2AC-9CB5-48ED-90DD-0BF1B44C13ED.jpg?v=1745359137,4,"",,,,,,,,,,,,,,,,,,,,,,,,,,,,,,,,,
michaela-dress-rose,MICHAELA DRESS,<p>Long sleeved blouse dress with adjustable loops. <br>Asymmetrical casual cut. <br>Light italian satin fabric.</p>,BILALI The Label,Apparel & Accessories > Clothing > Swimwear,Resortwear,dresses,true,Color,ROSÉ,,Size,XS/S,,,,,RW-2022-12-04,218000.0,shopify,deny,manual,139.00,169.00,true,true,"",https://cdn.shopify.com/s/files/1/0821/8044/0409/files/Michaela-Dress-Ros.jpg?v=1712313825,1,"",false,Michaela Dress - Rosé,"Long sleeved blouse dress with adjustable loops. 
Asymmetrical casual cut. 
Light italian satin fabric.",166,,,,new,FALSE,,,,,,,,,FALSE,,,,,,,"",,only manual,,https://cdn.shopify.com/s/files/1/0821/8044/0409/files/Michaela-Dress-Ros.jpg?v=1712313825,kg,,,active
michaela-dress-rose,,,,,,,,,ROSÉ,,,M/L,,,,,RW-2022-12-04,240000.0,shopify,deny,manual,139.00,169.00,true,true,"",https://cdn.shopify.com/s/files/1/0821/8044/0409/files/Rike-Dress-2.jpg?v=1711974921,2,"",,,,,,,,,,,,,,,,,,,,,,,,,,,,,https://cdn.shopify.com/s/files/1/0821/8044/0409/files/Michaela-Dress-Ros.jpg?v=1712313825,kg,,,
michaela-dress-rose,,,,,,,,,,,,,,,,,,,,,,,,,,,https://cdn.shopify.com/s/files/1/0821/8044/0409/files/2021_05_12_bilali_the_label_0877_kleid.jpg?v=1711974930,3,"",,,,,,,,,,,,,,,,,,,,,,,,,,,,,,,,,
michaela-dress-rose,,,,,,,,,,,,,,,,,,,,,,,,,,,https://cdn.shopify.com/s/files/1/0821/8044/0409/files/6821E9F7-7C3E-4FAB-97C6-036A0FF1BF45.jpg?v=1745359040,4,"",,,,,,,,,,,,,,,,,,,,,,,,,,,,,,,,,
michaela-dress-rose,,,,,,,,,,,,,,,,,,,,,,,,,,,https://cdn.shopify.com/s/files/1/0821/8044/0409/files/D26CDE95-055D-46D0-807A-8A66447FBE48.jpg?v=1745359040,5,"",,,,,,,,,,,,,,,,,,,,,,,,,,,,,,,,,
evelyn-pareo-black,EVELYN PAREO,"<p>Pareo wrap skirt.<br>Versatile multiuse cover-up garment.<br>Can be tied on the hips or above the bust.<br>Simple cover-up for head, shoulders or other parts from the sun.<br>Soft italian twill fabric.</p>",BILALI The Label,Apparel & Accessories > Clothing > Swimwear,Resortwear,pareos,true,Color,BLACK,,Size,ONE SIZE,,,,,"",100000.0,shopify,deny,manual,69.00,,true,true,"",https://cdn.shopify.com/s/files/1/0821/8044/0409/files/Evelyn-Pareo-Black.jpg?v=1711975554,1,"",false,Evelyn Pareo - Black,"Pareo wrap skirt.
Versatile multiuse cover-up garment.
Can be tied on the hips or above the bust.
Simple cover-up for head, shoulders or other parts from the sun.
Soft italian twill fabric.",166,,adult,,new,FALSE,,,,,,,,,FALSE,erwachsene,schwarz,polyester,einheitsgrosse,sonstiges; schmeichelnde-silhouette; leicht; schnelltrocknend,weiblich,"",alisa-top-black; alessia-top-black; sophie-top-black; lorene-top-black,only manual,,https://cdn.shopify.com/s/files/1/0821/8044/0409/files/Evelyn-Pareo-Black.jpg?v=1711975554,kg,,,active
evelyn-pareo-black,,,,,,,,,,,,,,,,,,,,,,,,,,,https://cdn.shopify.com/s/files/1/0821/8044/0409/files/EvelynPareo-Black_oben.jpg?v=1714076099,2,"",,,,,,,,,,,,,,,,,,,,,,,,,,,,,,,,,
evelyn-pareo-black,,,,,,,,,,,,,,,,,,,,,,,,,,,https://cdn.shopify.com/s/files/1/0821/8044/0409/files/2021_05_12_bilali_the_label_1270_schwarz.jpg?v=1712253912,3,"",,,,,,,,,,,,,,,,,,,,,,,,,,,,,,,,,
evelyn-pareo-black,,,,,,,,,,,,,,,,,,,,,,,,,,,https://cdn.shopify.com/s/files/1/0821/8044/0409/files/66F262FE-D5A8-427B-8778-7024EFCCE391.jpg?v=1744302244,4,"",,,,,,,,,,,,,,,,,,,,,,,,,,,,,,,,,
evelyn-pareo-white,EVELYN PAREO,"Pareo wrap skirt.
Versatile multiuse cover-up garment.
Can be tied on the hips or above the bust.
Simple cover-up for head, shoulders or other parts from the sun.
Soft italian twill fabric.",BILALI The Label,Apparel & Accessories > Clothing > Swimwear,Resortwear,pareos,true,Farbe,WHITE,,Größe,ONE SIZE,,,,,RW-2022-14-07,112000.0,shopify,deny,manual,69.00,,true,true,,https://cdn.shopify.com/s/files/1/0821/8044/0409/files/Evelyn-Pareo-White.jpg?v=1711975627,1,"",false,Evelyn Pareo - White ,"Pareo wrap skirt.
Versatile multiuse cover-up garment.
Can be tied on the hips or above the bust.
Simple cover-up for head, shoulders or other parts from the sun.
Soft italian twill fabric.",166,,adult,,new,FALSE,,,,,,,,,FALSE,erwachsene,weiss,polyester,einheitsgrosse,schmeichelnde-silhouette; leicht; schnelltrocknend; sonstiges,weiblich,"",lorene-top-off-white; miriam-scrunchie-white,only manual,,https://cdn.shopify.com/s/files/1/0821/8044/0409/files/Evelyn-Pareo-White.jpg?v=1711975627,kg,,,active
evelyn-pareo-white,,,,,,,,,,,,,,,,,,,,,,,,,,,https://cdn.shopify.com/s/files/1/0821/8044/0409/files/EvelynPareo-White_oben.jpg?v=1714075969,2,"",,,,,,,,,,,,,,,,,,,,,,,,,,,,,,,,,
evelyn-pareo-white,,,,,,,,,,,,,,,,,,,,,,,,,,,https://cdn.shopify.com/s/files/1/0821/8044/0409/files/2021_05_12_bilali_the_label_1270_weis.jpg?v=1712253913,3,"",,,,,,,,,,,,,,,,,,,,,,,,,,,,,,,,,
evelyn-pareo-white,,,,,,,,,,,,,,,,,,,,,,,,,,,https://cdn.shopify.com/s/files/1/0821/8044/0409/files/E4425A15-D404-40F9-8AAD-7E16F48AF270.jpg?v=1745358351,4,"",,,,,,,,,,,,,,,,,,,,,,,,,,,,,,,,,
evelyn-pareo-anthracite,EVELYN PAREO,"<p>Pareo wrap skirt.<br>Versatile multiuse cover-up garment.<br>Can be tied on the hips or above the bust.<br>Simple cover-up for head, shoulders or other parts from the sun.<br>Soft italian twill fabric.</p>",BILALI The Label,Apparel & Accessories > Clothing > Swimwear,Resortwear,pareos,true,Farbe,ANTHRACITE,,Größe,ONE SIZE,,,,,RW-2023-14-15,84.0,shopify,deny,manual,69.00,,true,true,,https://cdn.shopify.com/s/files/1/0821/8044/0409/files/evelyn-pareo-anthracite-front.jpg?v=1744707193,1,"",false,Evelyn Pareo - Anthracite,"Pareo wrap skirt.
Versatile multiuse cover-up garment.
Can be tied on the hips or above the bust.
Simple cover-up for head, shoulders or other parts from the sun.
Soft italian twill fabric.",166,,adult,,new,FALSE,,,,,,Germany,Swimwear Bottom,611421,FALSE,erwachsene,blau,polyester,einheitsgrosse,leicht; schnelltrocknend; sonstiges,weiblich,"",maja-top-antharcite; valentina-bottom-anthracite,only manual,,https://cdn.shopify.com/s/files/1/0821/8044/0409/files/evelyn-pareo-anthracite-front.jpg?v=1744707193,kg,,,active
evelyn-pareo-anthracite,,,,,,,,,,,,,,,,,,,,,,,,,,,https://cdn.shopify.com/s/files/1/0821/8044/0409/files/evelyn-pareo-anthracite-back.jpg?v=1744707156,2,"",,,,,,,,,,,,,,,,,,,,,,,,,,,,,,,,,
evelyn-pareo-anthracite,,,,,,,,,,,,,,,,,,,,,,,,,,,https://cdn.shopify.com/s/files/1/0821/8044/0409/files/6C470430-BE6C-46D1-8709-B95D2193984B.jpg?v=1745358805,3,"",,,,,,,,,,,,,,,,,,,,,,,,,,,,,,,,,
evelyn-pareo-khaki,EVELYN PAREO,"<p>Pareo wrap skirt.<br>Versatile multiuse cover-up garment.<br>Can be tied on the hips or above the bust.<br>Simple cover-up for head, shoulders or other parts from the sun.<br>Soft italian twill fabric.</p>
<!---->",BILALI The Label,Apparel & Accessories > Clothing > Swimwear,Resortwear,pareos,true,Color,KHAKI,,Size,ONE SIZE,,,,,RW-2022-14-14,94.0,shopify,deny,manual,69.00,,true,true,,https://cdn.shopify.com/s/files/1/0821/8044/0409/files/evelyn_pareo_khaki_front.jpg?v=1744707316,1,"",false,Evelyn Pareo - Khaki,"Pareo wrap skirt.
Versatile multiuse cover-up garment.
Can be tied on the hips or above the bust.
Simple cover-up for head, shoulders or other parts from the sun.
Soft italian twill fabric.",166,,adult,,new,FALSE,,,,,,Germany,Swimwear Cover-Up,611421,FALSE,erwachsene,,polyester,einheitsgrosse,leicht; schnelltrocknend; sonstiges,weiblich,"",medina-top-khaki; kira-bottom-khaki,only manual,,https://cdn.shopify.com/s/files/1/0821/8044/0409/files/evelyn_pareo_khaki_front.jpg?v=1744707316,kg,,,active
evelyn-pareo-khaki,,,,,,,,,,,,,,,,,,,,,,,,,,,https://cdn.shopify.com/s/files/1/0821/8044/0409/files/evelyn-pareo-khaki-back.jpg?v=1744707446,2,"
",,,,,,,,,,,,,,,,,,,,,,,,,,,,,,,,,
evelyn-pareo-khaki,,,,,,,,,,,,,,,,,,,,,,,,,,,https://cdn.shopify.com/s/files/1/0821/8044/0409/files/EEB54955-2731-4E84-AAD0-3660ACAF39DE.jpg?v=1744707446,3,"",,,,,,,,,,,,,,,,,,,,,,,,,,,,,,,,,
evelyn-pareo-khaki,,,,,,,,,,,,,,,,,,,,,,,,,,,https://cdn.shopify.com/s/files/1/0821/8044/0409/files/F0DB323C-3C35-4177-854F-F992E2FB4024.jpg?v=1745358532,4,"",,,,,,,,,,,,,,,,,,,,,,,,,,,,,,,,,
evelyn-pareo-brown,EVELYN PAREO,"<p>Pareo wrap skirt.<br>Versatile multiuse cover-up garment.<br>Can be tied on the hips or above the bust.<br>Simple cover-up for head, shoulders or other parts from the sun.<br>Soft italian twill fabric.</p>",BILALI The Label,Apparel & Accessories > Clothing > Swimwear,Resortwear,pareos,true,Color,BROWN,,Size,ONE SIZE,,,,,RW-2022-14-16,99.0,shopify,deny,manual,69.00,,true,true,"",https://cdn.shopify.com/s/files/1/0821/8044/0409/files/Evelyn-Pareo-Brown.jpg?v=1712313791,1,"",false,Evelyn Pareo - Brown,"Pareo wrap skirt in Brown.
Versatile multiuse cover-up garment.
Can be tied on the hips or above the bust.
Simple cover-up for head, shoulders or other parts from the sun.
Soft italian twill fabric.",166,,adult,,new,FALSE,,,,,,Germany,Swimwear Bottom,611421,FALSE,erwachsene,braun,polyester,einheitsgrosse,leicht; schnelltrocknend; sonstiges,weiblich,"",rina-top-brown; frida-bottom-brown,only manual,,https://cdn.shopify.com/s/files/1/0821/8044/0409/files/Evelyn-Pareo-Brown.jpg?v=1712313791,kg,,,active
evelyn-pareo-brown,,,,,,,,,,,,,,,,,,,,,,,,,,,https://cdn.shopify.com/s/files/1/0821/8044/0409/files/2023_03_04_bilalithelabel_2925-Kopie.jpg?v=1712253924,2,"",,,,,,,,,,,,,,,,,,,,,,,,,,,,,,,,,
evelyn-pareo-brown,,,,,,,,,,,,,,,,,,,,,,,,,,,https://cdn.shopify.com/s/files/1/0821/8044/0409/files/evelyn-pareo-brown-resortwear.jpg?v=1744707067,3,"",,,,,,,,,,,,,,,,,,,,,,,,,,,,,,,,,
evelyn-pareo-brown,,,,,,,,,,,,,,,,,,,,,,,,,,,https://cdn.shopify.com/s/files/1/0821/8044/0409/files/E9F95773-31B9-4EAC-9316-57CDD63C5FE7.jpg?v=1745358710,4,"",,,,,,,,,,,,,,,,,,,,,,,,,,,,,,,,,
maja-top-antharcite,MAJA TOP,<p>Triangle top. <br>Adjustable shoulders straps.<br>Ties at the back.<br>Decorative seam on the edges.<br>Opaque – fully lined.<br>Not padded.<br>Quick drying.<br>Shiny Lycra fabric.</p>,BILALI The Label,Apparel & Accessories > Clothing > Swimwear,Swimwear,"shiny, swimwear, tops",true,Color,ANTHRACITE,,Size,S,,,,,SS-2025-18-11,34.0,shopify,deny,manual,89.00,,true,true,"",https://cdn.shopify.com/s/files/1/0821/8044/0409/files/maja-triangle-bikini-top-anthracite.jpg?v=1743750949,1,"Stylish Maja Triangle Bikini Top made of shiny anthracite Italian Lycra fabric - soft seam, fast-drying, more comfort and perfect fit",false,Maja Top - Anthracite,"Triangle top. Adjustable shoulders straps.
Ties at the back.
Decorative seam on the edges.
Opaque – fully lined.
Not padded.
Quick drying.
Shiny Lycra fabric.",166,,adult,,new,FALSE,,,,,,Czech Republic,Swimwear Top,611421,FALSE,erwachsene,,lycra,s; m; l,schmeichelnde-silhouette; leicht; schnelltrocknend,weiblich,"",valentina-bottom-anthracite; evelyn-pareo-anthracite,only manual,,,kg,,,active
maja-top-antharcite,,,,,,,,,ANTHRACITE,,,M,,,,,SS-2025-18-11,37.0,shopify,deny,manual,89.00,,true,true,"",https://cdn.shopify.com/s/files/1/0821/8044/0409/files/valentina-brazilian-bikini-bottom-anthracite.jpg?v=1743750877,2,"Stylish Valentina Brazilian Bikini Bottom made of shiny anthracite Italian Lycra fabric - soft seam, fast-drying, more comfort and perfect fit",,,,,,,,,,,,,,,,,,,,,,,,,,,,,,kg,,,
maja-top-antharcite,,,,,,,,,ANTHRACITE,,,L,,,,,SS-2025-18-11,39.0,shopify,deny,manual,89.00,,true,true,"",https://cdn.shopify.com/s/files/1/0821/8044/0409/files/anthracite-brazlilian-bikini-bottom-front.jpg?v=1744705344,3,"Luxurious triangle swimwear basic by Bilali the Label. Made from premium Italian Lycra in SoftTheme. Featuring ultra-soft seams, sculpting fit, and fast-drying fabric for effortless elegance on sunny days.",,,,,,,,,,,,,,,,,,,,,,,,,,,,,,kg,,,
maja-top-antharcite,,,,,,,,,,,,,,,,,,,,,,,,,,,https://cdn.shopify.com/s/files/1/0821/8044/0409/files/30C8E8C8-F15D-498E-8D54-2410CF10ACD4.jpg?v=1744355081,4,"Luxurious, one-colored Brazilian bikini bottom by Bilali the Label. Made from premium Italian Lycra. Featuring ultra-soft seams, a minimalistic basic bikini design, second-skin fit, and fast-drying fabric for effortless elegance on sunny days.",,,,,,,,,,,,,,,,,,,,,,,,,,,,,,,,,
maja-top-champagne,MAJA TOP,<p>Triangle top. <br>Adjustable shoulders straps.<br>Ties at the back.<br>Decorative seam on the edges.<br>Opaque – fully lined.<br>Not padded.<br>Quick drying.<br>Shiny Lycra fabric.</p>,BILALI The Label,Apparel & Accessories > Clothing > Swimwear,Swimwear,"shiny, swimwear, tops",true,Color,CHAMPAGNE,,Size,S,,,,,SS-2025-18-10,34.0,shopify,deny,manual,89.00,,true,true,"",https://cdn.shopify.com/s/files/1/0821/8044/0409/files/maja-triangle-bikini-top-champagne.jpg?v=1743750367,1,"Stylish Amara Bikini Top made of champagne Italian Lycra fabric - soft seam, fast-drying, more comfort and perfect fit",false,Maja Top - Champagne ,"Triangle top. Adjustable shoulders straps.
Ties at the back.
Decorative seam on the edges.
Opaque – fully lined.
Not padded.
Quick drying.
Shiny Lycra fabric.",166,,adult,,new,FALSE,,,,,,Czech Republic,Swimwear Top,611421,FALSE,erwachsene,,lycra,s; m; l,schmeichelnde-silhouette; leicht; schnelltrocknend,weiblich,"",valentina-bottom-champagne; michaela-dress-rose,only manual,,,kg,,,active
maja-top-champagne,,,,,,,,,CHAMPAGNE,,,M,,,,,SS-2025-18-10,37.0,shopify,deny,manual,89.00,,true,true,"",https://cdn.shopify.com/s/files/1/0821/8044/0409/files/valentina-brazilian-bikini-bottom-champagne.jpg?v=1744190911,2,"Stylish Valentina Brazilian Bikini Bottom made of champagne brown Italian Lycra fabric - soft seam, fast-drying, more comfort and perfect fit",,,,,,,,,,,,,,,,,,,,,,,,,,,,,,kg,,,
maja-top-champagne,,,,,,,,,CHAMPAGNE,,,L,,,,,SS-2025-18-10,39.0,shopify,deny,manual,89.00,,true,true,"",https://cdn.shopify.com/s/files/1/0821/8044/0409/files/champagne-triangle-bikini-top-front.jpg?v=1744705207,3,"Luxurious triangle swimwear basic by Bilali the Label. Made from premium Italian Lycra in SoftTheme. Featuring ultra-soft seams, sculpting fit, and fast-drying fabric for effortless elegance on sunny days.",,,,,,,,,,,,,,,,,,,,,,,,,,,,,,kg,,,
maja-top-champagne,,,,,,,,,,,,,,,,,,,,,,,,,,,https://cdn.shopify.com/s/files/1/0821/8044/0409/files/2DE57C42-54DE-4ADB-9AE6-D881B9EB7D01.jpg?v=1745349718,4,"",,,,,,,,,,,,,,,,,,,,,,,,,,,,,,,,,
valentina-bottom-anthracite,VALENTINA BOTTOM,<p>U-Cut bottom.<br>High-waist cut.<br>Adjustable side tie straps.<br>Decorative seam on the edges.<br>Opaque – fully lined.<br>Not padded.<br>Quick drying.<br>Shiny Lycra fabric.</p>,BILALI The Label,Apparel & Accessories > Clothing > Swimwear,Swimwear,"bottoms, shiny, swimwear",true,Color,ANTHRACITE,,Size,S,,,,,SS-2025-19-11,34.0,shopify,deny,manual,89.00,,true,true,"",https://cdn.shopify.com/s/files/1/0821/8044/0409/files/valentina-brazilian-bikini-bottom-anthracite.jpg?v=1743750877,1,"Stylish Valentina Brazilian Bikini Bottom made of shiny anthracite Italian Lycra fabric - soft seam, fast-drying, more comfort and perfect fit",false,Valentina Bottom - Anthracite,"U-Cut bottom.
High-waist cut.
Adjustable side tie straps.
Decorative seam on the edges.
Opaque – fully lined.
Not padded.
Quick drying.
Shiny Lycra fabric.",166,,adult,,new,FALSE,,,,,,Czech Republic,Swimwear Bottom,611421,FALSE,erwachsene,,lycra,s; m; l,schnelltrocknend; leicht; elastischer-bund,weiblich,"",evelyn-pareo-anthracite; maja-top-antharcite,only manual,,,kg,,,active
valentina-bottom-anthracite,,,,,,,,,ANTHRACITE,,,M,,,,,SS-2025-19-11,36.0,shopify,deny,manual,89.00,,true,true,"",https://cdn.shopify.com/s/files/1/0821/8044/0409/files/maja-triangle-bikini-top-anthracite.jpg?v=1743750949,2,"Stylish Maja Triangle Bikini Top made of shiny anthracite Italian Lycra fabric - soft seam, fast-drying, more comfort and perfect fit",,,,,,,,,,,,,,,,,,,,,,,,,,,,,,kg,,,
valentina-bottom-anthracite,,,,,,,,,ANTHRACITE,,,L,,,,,SS-2025-19-11,40.0,shopify,deny,manual,89.00,,true,true,"",https://cdn.shopify.com/s/files/1/0821/8044/0409/files/30C8E8C8-F15D-498E-8D54-2410CF10ACD4.jpg?v=1744355081,3,"Luxurious, one-colored Brazilian bikini bottom by Bilali the Label. Made from premium Italian Lycra. Featuring ultra-soft seams, a minimalistic basic bikini design, second-skin fit, and fast-drying fabric for effortless elegance on sunny days.",,,,,,,,,,,,,,,,,,,,,,,,,,,,,,kg,,,
valentina-bottom-anthracite,,,,,,,,,,,,,,,,,,,,,,,,,,,https://cdn.shopify.com/s/files/1/0821/8044/0409/files/anthracite-brazlilian-bikini-bottom-front.jpg?v=1744705344,4,"Luxurious triangle swimwear basic by Bilali the Label. Made from premium Italian Lycra in SoftTheme. Featuring ultra-soft seams, sculpting fit, and fast-drying fabric for effortless elegance on sunny days.",,,,,,,,,,,,,,,,,,,,,,,,,,,,,,,,,
valentina-bottom-champagne,VALENTINA BOTTOM,<p>U-Cut bottom.<br>High-waist cut.<br>Adjustable side tie straps.<br>Decorative seam on the edges.<br>Opaque – fully lined.<br>Not padded.<br>Quick drying.<br>Shiny Lycra fabric.</p>,BILALI The Label,Apparel & Accessories > Clothing > Swimwear,Swimwear,"bottoms, shiny, swimwear",true,Color,CHAMPAGNE,,Size,S,,,,,SS-2025-19-09,34.0,shopify,deny,manual,89.00,,true,true,"",https://cdn.shopify.com/s/files/1/0821/8044/0409/files/valentina-brazilian-bikini-bottom-champagne.jpg?v=1744190911,1,"Stylish Valentina Brazilian Bikini Bottom made of champagne brown Italian Lycra fabric - soft seam, fast-drying, more comfort and perfect fit",false,Valentina Bottom  - Champagne,"U-Cut bottom.
High-waist cut.
Adjustable side tie straps.
Decorative seam on the edges.
Opaque – fully lined.
Not padded.
Quick drying.
Shiny Lycra fabric.",166,,adult,,new,FALSE,,,,,,Czech Republic,Swimwear Bottom,611421,FALSE,erwachsene,,lycra,s; m; l,schnelltrocknend; leicht; elastischer-bund,weiblich,"",maja-top-champagne; maxine-pareo-beige; rike-dress-champagne; michaela-dress-rose,only manual,,,kg,,,active
valentina-bottom-champagne,,,,,,,,,CHAMPAGNE,,,M,,,,,SS-2025-19-09,38.0,shopify,deny,manual,89.00,,true,true,"",https://cdn.shopify.com/s/files/1/0821/8044/0409/files/maja-triangle-bikini-top-champagne.jpg?v=1743750367,2,"Stylish Amara Bikini Top made of champagne Italian Lycra fabric - soft seam, fast-drying, more comfort and perfect fit",,,,,,,,,,,,,,,,,,,,,,,,,,,,,,kg,,,
valentina-bottom-champagne,,,,,,,,,CHAMPAGNE,,,L,,,,,SS-2025-19-09,40.0,shopify,deny,manual,89.00,,true,true,"",https://cdn.shopify.com/s/files/1/0821/8044/0409/files/champagne-brazilian-bikini-bottom-back.jpg?v=1744705239,3,"Luxurious, one-colored Brazilian bikini bottom by Bilali the Label. Made from premium Italian Lycra. Featuring ultra-soft seams, a minimalistic basic bikini design, second-skin fit, and fast-drying fabric for effortless elegance on sunny days.",,,,,,,,,,,,,,,,,,,,,,,,,,,,,,kg,,,
valentina-bottom-champagne,,,,,,,,,,,,,,,,,,,,,,,,,,,https://cdn.shopify.com/s/files/1/0821/8044/0409/files/champagne-triangle-bikini-top-front.jpg?v=1744705207,4,"Luxurious triangle swimwear basic by Bilali the Label. Made from premium Italian Lycra in SoftTheme. Featuring ultra-soft seams, sculpting fit, and fast-drying fabric for effortless elegance on sunny days.",,,,,,,,,,,,,,,,,,,,,,,,,,,,,,,,,
medina-top-khaki,MEDINA TOP,<p>Wrap beandeau top.<br>Ties at the back.<br>Adjustable thick shoulders straps.<br>Ruched sides for adjustable coverage.<br>Decorative seam on the edges.<br>Opaque – fully lined.<br>Not padded.<br>Quick drying.<br>Shiny Lycra fabric.</p>,BILALI The Label,Apparel & Accessories > Clothing > Swimwear,Swimwear,"shiny, swimwear, tops",true,Color,KHAKI,,Size,S,,,,,SS-2025-16-09,30.0,shopify,deny,manual,89.00,,true,true,"",https://cdn.shopify.com/s/files/1/0821/8044/0409/files/medina-bandeau-bikini-top-khaki.jpg?v=1743750499,1,"Stylish Medina Bandeau Bikini Top made of shiny khaki Italian Lycra fabric - soft seam, fast-drying, more comfort and perfect fit",false,Medina Top - Khaki ,"Wrap beandeau top.
Ties at the back.
Adjustable thick shoulders straps.
Ruched sides for adjustable coverage.
Decorative seam on the edges.
Opaque – fully lined.
Not padded.
Quick drying.
Shiny Lycra fabric.",166,,adult,,new,FALSE,,,,,,Czech Republic,Swimwear Top,611421,FALSE,erwachsene,,lycra,s; m; l,schmeichelnde-silhouette; leicht; schnelltrocknend,weiblich,"",kira-bottom-khaki; evelyn-pareo-khaki,only manual,,,kg,,,active
medina-top-khaki,,,,,,,,,KHAKI,,,M,,,,,SS-2025-16-09,33.0,shopify,deny,manual,89.00,,true,true,"",https://cdn.shopify.com/s/files/1/0821/8044/0409/files/kira-brazilian-bikini-bottom-khaki.jpg?v=1743750654,2,"Stylish Kira Brazilian Bikini Bottom made of shiny khaki Italian Lycra fabric - soft seam, fast-drying, more comfort and perfect fit",,,,,,,,,,,,,,,,,,,,,,,,,,,,,,kg,,,
medina-top-khaki,,,,,,,,,KHAKI,,,L,,,,,SS-2025-16-09,36.0,shopify,deny,manual,89.00,,true,true,"",https://cdn.shopify.com/s/files/1/0821/8044/0409/files/901D9136-9E20-4795-93C0-B8B15ABE05CB.jpg?v=1744301879,3,"",,,,,,,,,,,,,,,,,,,,,,,,,,,,,,kg,,,
medina-top-khaki,,,,,,,,,,,,,,,,,,,,,,,,,,,https://cdn.shopify.com/s/files/1/0821/8044/0409/files/khaki-thickstrap-brazilian-bikini-bottom-back.jpg?v=1744706105,4,"",,,,,,,,,,,,,,,,,,,,,,,,,,,,,,,,,
kira-bottom-khaki,KIRA BOTTOM,<p>Brazilian bikini bottom.<br>Wide seamless band.<br>Ruched front and back for adjustable coverage.<br>Wrap top.<br>Ties at the back.<br>Opaque – fully lined.<br>Not padded.<br>Quick drying.<br>Shiny finish Lycra.</p>,BILALI The Label,Apparel & Accessories > Clothing > Swimwear,Swimwear,"bottoms, shiny, swimwear",true,Color,KHAKI,,Size,S,,,,,SS-2025-17-09,44.0,shopify,deny,manual,89.00,,true,true,"",https://cdn.shopify.com/s/files/1/0821/8044/0409/files/kira-brazilian-bikini-bottom-khaki.jpg?v=1743750654,1,"Stylish Kira Brazilian Bikini Bottom made of shiny khaki Italian Lycra fabric - soft seam, fast-drying, more comfort and perfect fit",false,Kira Bottom - Khaki ,"Brazilian bikini bottom.
Wide seamless band.
Ruched front and back for adjustable coverage.
Wrap top.
Ties at the back.
Opaque – fully lined.
Not padded.
Quick drying.
Shiny finish Lycra.",166,,adult,,new,FALSE,,,,,,Czech Republic,Swimwear Bottom,611421,FALSE,erwachsene,gruen,lycra,s; m; l,schnelltrocknend; leicht; elastischer-bund,weiblich,"",medina-top-khaki; evelyn-pareo-khaki,only manual,,,kg,,,active
kira-bottom-khaki,,,,,,,,,KHAKI,,,M,,,,,SS-2025-17-09,50.0,shopify,deny,manual,89.00,,true,true,"",https://cdn.shopify.com/s/files/1/0821/8044/0409/files/medina-bandeau-bikini-top-khaki.jpg?v=1743750499,2,"Stylish Medina Bandeau Bikini Top made of shiny khaki Italian Lycra fabric - soft seam, fast-drying, more comfort and perfect fit",,,,,,,,,,,,,,,,,,,,,,,,,,,,,,kg,,,
kira-bottom-khaki,,,,,,,,,KHAKI,,,L,,,,,SS-2025-17-09,56.0,shopify,deny,manual,89.00,,true,true,"",https://cdn.shopify.com/s/files/1/0821/8044/0409/files/brazilian-bikini-bottom-khaki-back.jpg?v=1744564273,3,"",,,,,,,,,,,,,,,,,,,,,,,,,,,,,,kg,,,
kira-bottom-khaki,,,,,,,,,,,,,,,,,,,,,,,,,,,https://cdn.shopify.com/s/files/1/0821/8044/0409/files/khaki-thickstrap-brazilian-bikini-bottom-back.jpg?v=1744706105,4,"",,,,,,,,,,,,,,,,,,,,,,,,,,,,,,,,,
rina-top-brown,RINA TOP,<p>Sporty wrap top.<br>Adjustable thick shoulders straps.<br>Ruched front seam for adjustable coverage.<br>Ties at the back.<br>Decorative seam on the edges.<br>Opaque – fully lined.<br>Not padded.<br>Quick drying.<br>Shiny Lycra fabric.</p>,BILALI The Label,Apparel & Accessories > Clothing > Swimwear,Swimwear,"shiny, swimwear, tops",true,Color,BROWN,,Size,S,,,,,SW-2023-20-13,35.0,shopify,deny,manual,89.00,,true,true,"",https://cdn.shopify.com/s/files/1/0821/8044/0409/files/rina-bandeau-bikini-top-brown.jpg?v=1743751205,1,"Stylish Rina Bandeau Bikini Top made of shiny brown Italian Lycra fabric - soft seam, fast-drying, more comfort and perfect fit",false,Rina Top - Brown ,"Sporty wrap top.
Adjustable thick shoulders straps.
Ruched front seam for adjustable coverage.
Ties at the back.
Decorative seam on the edges.
Opaque – fully lined.
Not padded.
Quick drying.
Shiny Lycra fabric.",166,,adult,,new,FALSE,,,,,,Czech Republic,Swimwear Top,611421,FALSE,erwachsene,,lycra,s; m; l,schmeichelnde-silhouette; leicht; schnelltrocknend,weiblich,"",frida-bottom-brown; evelyn-pareo-brown,only manual,,,kg,,,active
rina-top-brown,,,,,,,,,BROWN,,,M,,,,,SW-2023-20-13,39.0,shopify,deny,manual,89.00,,true,true,"",https://cdn.shopify.com/s/files/1/0821/8044/0409/files/frida-brazilian-bikini-bottom-brown.jpg?v=1743751321,2,"Stylish Frida Brazilian Bikini Bottom made of shiny brown Italian Lycra fabric - soft seam, fast-drying, more comfort and perfect fit",,,,,,,,,,,,,,,,,,,,,,,,,,,,,,kg,,,
rina-top-brown,,,,,,,,,BROWN,,,L,,,,,SW-2023-20-13,44.0,shopify,deny,manual,89.00,,true,true,"",https://cdn.shopify.com/s/files/1/0821/8044/0409/files/brown-strap-andeau-bikini-top-front.jpg?v=1744705178,3,"",,,,,,,,,,,,,,,,,,,,,,,,,,,,,,kg,,,
rina-top-brown,,,,,,,,,,,,,,,,,,,,,,,,,,,https://cdn.shopify.com/s/files/1/0821/8044/0409/files/FEFFADB4-CA7B-4D30-948A-2AC4E1535DDC.jpg?v=1745349206,4,"",,,,,,,,,,,,,,,,,,,,,,,,,,,,,,,,,
frida-bottom-brown,FRIDA BOTTOM,<p>Sporty wrap top.<br>Adjustable thick shoulders straps.<br>Ruched front seam for adjustable coverage.<br>Ties at the back.<br>Decorative seam on the edges.<br>Opaque – fully lined.<br>Not padded.<br>Quick drying.<br>Shiny Lycra fabric.</p>,BILALI The Label,Apparel & Accessories > Clothing > Swimwear,Swimwear,"bottoms, shiny, swimwear",true,Color,BROWN,,Size,S,,,,,SW-2023-21-13,35.0,shopify,deny,manual,89.00,,true,true,"",https://cdn.shopify.com/s/files/1/0821/8044/0409/files/frida-brazilian-bikini-bottom-brown.jpg?v=1743751321,1,"Stylish Frida Brazilian Bikini Bottom made of shiny brown Italian Lycra fabric - soft seam, fast-drying, more comfort and perfect fit",false,Frida Bottom - Brown ,"Sporty wrap top.
Adjustable thick shoulders straps.
Ruched front seam for adjustable coverage.
Ties at the back.
Decorative seam on the edges.
Opaque – fully lined.
Not padded.
Quick drying.
Shiny Lycra fabric.",166,,adult,,new,FALSE,,,,,,Czech Republic,Swimwear Bottom,611421,FALSE,erwachsene,,lycra,s; m; l,verstellbarer-riemen; schnelltrocknend; leicht; elastischer-bund,weiblich,"",rina-top-brown; evelyn-pareo-brown,only manual,,,kg,,,active
frida-bottom-brown,,,,,,,,,BROWN,,,M,,,,,SW-2023-21-13,36.0,shopify,deny,manual,89.00,,true,true,"",https://cdn.shopify.com/s/files/1/0821/8044/0409/files/rina-bandeau-bikini-top-brown.jpg?v=1743751205,2,"Stylish Rina Bandeau Bikini Top made of shiny brown Italian Lycra fabric - soft seam, fast-drying, more comfort and perfect fit",,,,,,,,,,,,,,,,,,,,,,,,,,,,,,kg,,,
frida-bottom-brown,,,,,,,,,BROWN,,,L,,,,,SW-2023-21-13,38.0,shopify,deny,manual,89.00,,true,true,"",,,,,,,,,,,,,,,,,,,,,,,,,,,,,,,,,kg,,,
xenia-bottom-black,XENIA BOTTOM,<p>Mid waist bottom.<br>High leg cut.<br>Seamless finish.<br>Opaque – fully lined.<br>Quick drying.<br>Matte finish.<br>Italian lycra fabric.</p>,BILALI The Label,Apparel & Accessories > Clothing > Swimwear,Swimwear,"basic, bottoms, swimwear",true,Color,BLACK,,Size,S,,,,,SS-2025-10-01,34.0,shopify,deny,manual,89.00,,true,true,"",https://cdn.shopify.com/s/files/1/0821/8044/0409/files/Xenia-Bottom-Black.jpg?v=1739269903,1,BLACK,false,Xenia Bottom - Black ,"Mid waist bottom.
High leg cut.
Seamless finish.
Opaque – fully lined.
Quick drying.
Matte finish.
Italian lycra fabric.",166,,adult,,new,FALSE,,,,,,Czech Republic,Swimwear Bottom,611421,FALSE,erwachsene,,lycra,s; m; l,verstellbarer-riemen; schnelltrocknend; leicht; elastischer-bund,weiblich,"",sophie-top-black; alessia-top-black; evelyn-pareo-black,only manual,,,kg,,,active
xenia-bottom-black,,,,,,,,,BLACK,,,M,,,,,SS-2025-10-01,38.0,shopify,deny,manual,89.00,,true,true,"",https://cdn.shopify.com/s/files/1/0821/8044/0409/files/alisa-bikini-bandeau-top-black.jpg?v=1743420560,2,"Stylish Alisa Bandeau Bikini made of black Italian Lycra fabric - soft seam, fast-drying, more comfort and perfect fit",,,,,,,,,,,,,,,,,,,,,,,,,,,,,,kg,,,
xenia-bottom-black,,,,,,,,,BLACK,,,L,,,,,SS-2025-10-01,42.0,shopify,deny,manual,89.00,,true,true,"",https://cdn.shopify.com/s/files/1/0821/8044/0409/files/A9747603-8A3E-4D01-9E06-89ECF927FCA6.jpg?v=1744354274,3,"",,,,,,,,,,,,,,,,,,,,,,,,,,,,,,kg,,,
xenia-bottom-black,,,,,,,,,,,,,,,,,,,,,,,,,,,https://cdn.shopify.com/s/files/1/0821/8044/0409/files/black-bandeau-bikini-top-front.jpg?v=1744705080,4,"",,,,,,,,,,,,,,,,,,,,,,,,,,,,,,,,,
sara-bottom-black,SARA BOTTOM,<p>Strap bottom.<br>Thin side straps.<br>Can be worn higher or lower.<br>Decorative seam on the edges.<br>Opaque – fully lined.<br>Quick drying.<br>Matte finish.<br>Italian lycra fabric.</p>,BILALI The Label,Apparel & Accessories > Clothing > Swimwear,Swimwear,"basic, bottoms, swimwear",true,Color,BLACK,,Size,S,,,,,SS-2025-07-01,22.0,shopify,deny,manual,89.00,,true,true,"",https://cdn.shopify.com/s/files/1/0821/8044/0409/files/sara-brazilian-bikini-bottom-black.jpg?v=1743750689,1,"Stylish Sara Brazilian Bikini Bottom made of black Italian Lycra fabric - soft seam, fast-drying, more comfort and perfect fit",false,Sara Bottom- Black ,"Strap bottom.
Thin side straps.
Can be worn higher or lower.
Decorative seam on the edges.
Opaque – fully lined.
Quick drying.
Matte finish.
Italian lycra fabric.
",166,,adult,,new,FALSE,,,,,,Czech Republic,Swimwear Bottom,611421,FALSE,erwachsene,,lycra,s; m; l,verstellbarer-riemen; schnelltrocknend; leicht; elastischer-bund,weiblich,"",lorene-top-black; alessia-top-black; sophie-top-black; evelyn-pareo-black,only manual,,,kg,,,active
sara-bottom-black,,,,,,,,,BLACK,,,M,,,,,SS-2025-07-01,25.0,shopify,deny,manual,89.00,,true,true,"",https://cdn.shopify.com/s/files/1/0821/8044/0409/files/lorene-triangle-bikini-top-black.jpg?v=1743751095,2,"Stylish Lorene Triangle Bikini Top made of black Italian Lycra fabric - soft seam, fast-drying, more comfort and perfect fit",,,,,,,,,,,,,,,,,,,,,,,,,,,,,,kg,,,
sara-bottom-black,,,,,,,,,BLACK,,,L,,,,,SS-2025-07-01,26.0,shopify,deny,manual,89.00,,true,true,"",https://cdn.shopify.com/s/files/1/0821/8044/0409/files/black-brazilian-bikini-bottom-back.jpg?v=1744705397,3,"Luxurious, one-colored Brazilian bikini bottom by Bilali the Label. Made from premium Italian Lycra. Featuring ultra-soft seams, a minimalistic basic bikini design, second-skin fit, and fast-drying fabric for effortless elegance on sunny days.",,,,,,,,,,,,,,,,,,,,,,,,,,,,,,kg,,,
sara-bottom-black,,,,,,,,,,,,,,,,,,,,,,,,,,,https://cdn.shopify.com/s/files/1/0821/8044/0409/files/black-triangle-bikini-top-front.jpg?v=1744705373,4,"Luxurious triangle swimwear basic by Bilali the Label. Made from premium Italian Lycra in SoftTheme. Featuring ultra-soft seams, sculpting fit, and fast-drying fabric for effortless elegance on sunny days.",,,,,,,,,,,,,,,,,,,,,,,,,,,,,,,,,
sara-bottom-off-white,SARA BOTTOM,<p>Strap bottom.<br>Thin side straps.<br>Can be worn higher or lower.<br>Decorative seam on the edges.<br>Opaque – fully lined.<br>Quick drying.<br>Matte finish.<br>Italian lycra fabric.</p>,BILALI The Label,Apparel & Accessories > Clothing > Swimwear,Swimwear,"basic, bottoms, swimwear",true,Color,OFF-WHITE,,Size,S,,,,,SS-2025-07-18,22.0,shopify,deny,manual,89.00,,true,true,,https://cdn.shopify.com/s/files/1/0821/8044/0409/files/sara-brazilian-bikini-bottom-offwhite.jpg?v=1743750851,1,"Stylish Sara Brazilian Bikini Top made of white Italian Lycra fabric - soft seam, fast-drying, more comfort and perfect fit",false,Sara Bottom - Off-White,"Strap bottom.
Thin side straps.
Can be worn higher or lower.
Decorative seam on the edges.
Opaque – fully lined.
Quick drying.
Matte finish.
Italian lycra fabric.
",166,,adult,,new,FALSE,,,,,,Czech Republic,Swimwear Bottom,611421,FALSE,erwachsene,weiss,lycra,s; m; l,verstellbarer-riemen; schnelltrocknend; leicht; elastischer-bund,weiblich,"",lorene-top-off-white; evelyn-pareo-white; miriam-scrunchie-white,only manual,,,kg,,,active
sara-bottom-off-white,,,,,,,,,OFF-WHITE,,,M,,,,,SS-2025-07-18,25.0,shopify,deny,manual,89.00,,true,true,,https://cdn.shopify.com/s/files/1/0821/8044/0409/files/lorene-triangle-bikini-top-white.jpg?v=1743420874,2,"Stylish Lorene Triangle Bikini Top made of white Italian Lycra fabric with adjustable ties - soft seam, fast-drying, more comfort and perfect fit",,,,,,,,,,,,,,,,,,,,,,,,,,,,,,kg,,,
sara-bottom-off-white,,,,,,,,,OFF-WHITE,,,L,,,,,SS-2025-07-18,26.0,shopify,deny,manual,89.00,,true,true,,https://cdn.shopify.com/s/files/1/0821/8044/0409/files/white-brazilian-bikini-bottom-back-bilalithelabel.jpg?v=1745168188,3,"Luxurious, one-colored Brazilian bikini bottom by Bilali the Label. Made from premium Italian Lycra. Featuring ultra-soft seams, a minimalistic basic bikini design, second-skin fit, and fast-drying fabric for effortless elegance on sunny days.",,,,,,,,,,,,,,,,,,,,,,,,,,,,,,kg,,,
sara-bottom-off-white,,,,,,,,,,,,,,,,,,,,,,,,,,,https://cdn.shopify.com/s/files/1/0821/8044/0409/files/white-triangle-top-bikini-front.jpg?v=1744564309,4,"Luxurious triangle swimwear basic by Bilali the Label. Made from premium Italian Lycra in SoftTheme. Featuring ultra-soft seams, sculpting fit, and fast-drying fabric for effortless elegance on sunny days.",,,,,,,,,,,,,,,,,,,,,,,,,,,,,,,,,
sara-bottom-beige,SARA BOTTOM,<p>Strap bottom.<br>Thin side straps.<br>Can be worn higher or lower.<br>Decorative seam on the edges.<br>Opaque – fully lined.<br>Quick drying.<br>Matte finish.<br>Italian lycra fabric.</p>,BILALI The Label,Apparel & Accessories > Clothing > Swimwear,Swimwear,"basic, bottoms, swimwear",true,Color,BEIGE,,Size,S,,,,,SW-2022-07-03,22.0,shopify,deny,manual,89.00,,true,true,,https://cdn.shopify.com/s/files/1/0821/8044/0409/files/sara-brazilian-bikini-bottom-beige.jpg?v=1743436602,1,"",false,Sara Bottom - Beige,"Strap bottom.
Thin side straps.
Can be worn higher or lower.
Decorative seam on the edges.
Opaque – fully lined.
Quick drying.
Matte finish.
Italian lycra fabric.
",166,,adult,,new,FALSE,,,,,,Czech Republic,Swimwear Bottom,611421,FALSE,erwachsene,,lycra,s; m; l,verstellbarer-riemen; schnelltrocknend; leicht; elastischer-bund,weiblich,"",lorene-top-beige; miriam-scrunchie-beige,only manual,,https://cdn.shopify.com/s/files/1/0821/8044/0409/files/sara-brazilian-bikini-bottom-beige.jpg?v=1743436602,kg,,,active
sara-bottom-beige,,,,,,,,,BEIGE,,,M,,,,,SW-2022-07-03,25.0,shopify,deny,manual,89.00,,true,true,,https://cdn.shopify.com/s/files/1/0821/8044/0409/files/lorene-triangle-bikini-top-beige-bilalithelabel.jpg?v=1743457326,2,"",,,,,,,,,,,,,,,,,,,,,,,,,,,,,https://cdn.shopify.com/s/files/1/0821/8044/0409/files/sara-brazilian-bikini-bottom-beige.jpg?v=1743436602,kg,,,
sara-bottom-beige,,,,,,,,,BEIGE,,,L,,,,,SW-2022-07-03,26.0,shopify,deny,manual,89.00,,true,true,,,,,,,,,,,,,,,,,,,,,,,,,,,,,,,,,https://cdn.shopify.com/s/files/1/0821/8044/0409/files/sara-brazilian-bikini-bottom-beige.jpg?v=1743436602,kg,,,
caecilia-bottom-black,CÄCILIA BOTTOM,<p>Sporty bottom.<br>Decorative seam on the edges.<br>Opaque – fully lined.<br>Quick drying.<br>Matte finish.<br>Italian lycra fabric.</p>,BILALI The Label,Apparel & Accessories > Clothing > Swimwear,Swimwear,"basic, bottoms, swimwear",true,Color,BLACK,,Size,S,,,,,SW-2022-06-01,24.0,shopify,deny,manual,89.00,,true,true,"",https://cdn.shopify.com/s/files/1/0821/8044/0409/files/Caecilia-Bottom-Black.jpg?v=1743439020,1,BLACK,false,Cäcilia Bottom - Black ,"Sporty bottom.
Decorative seam on the edges.
Opaque – fully lined.
Quick drying.
Matte finish.
Italian lycra fabric.",166,,adult,,new,FALSE,,,,,,Czech Republic,Swimwear Bottom,611421,FALSE,erwachsene,,lycra,s; m; l,verstellbarer-riemen; schnelltrocknend; leicht; elastischer-bund,weiblich,"",alessia-top-black; alisa-top-black; sophie-top-black; evelyn-pareo-black,only manual,,,kg,,,active
caecilia-bottom-black,,,,,,,,,BLACK,,,M,,,,,SW-2022-06-01,29.0,shopify,deny,manual,89.00,,true,true,"",https://cdn.shopify.com/s/files/1/0821/8044/0409/files/sophie-bikini-bandeau-top-black.jpg?v=1743420489,2,"Stylish Sophie Bandeau Bikini made of black Italian Lycra fabric with adjustable straps - soft seam, fast-drying, more comfort and perfect fit",,,,,,,,,,,,,,,,,,,,,,,,,,,,,,kg,,,
caecilia-bottom-black,,,,,,,,,BLACK,,,L,,,,,SW-2022-06-01,32.0,shopify,deny,manual,89.00,,true,true,"",https://cdn.shopify.com/s/files/1/0821/8044/0409/files/basic-black-brazilian-bikini-bottom-back.jpg?v=1744705725,3,"Luxurious, one-colored Brazilian bikini bottom by Bilali the Label. Made from premium Italian Lycra. Featuring ultra-soft seams, a minimalistic basic bikini design, second-skin fit, and fast-drying fabric for effortless elegance on sunny days.",,,,,,,,,,,,,,,,,,,,,,,,,,,,,,kg,,,
maria-bottom-black,MARIA BOTTOM,<p>V-shaped bottom.<br>Mid rise cut with high leg.<br>Decorative seam on the edges.<br>Opaque – fully lined.<br>Quick drying.<br>Matte finish.<br>Italian lycra fabric.</p>,BILALI The Label,Apparel & Accessories > Clothing > Swimwear,Swimwear,"basic, bottoms, swimwear",true,Color,BLACK,,Size,S,,,,,SW-2022-09-01,26.0,shopify,deny,manual,89.00,,true,true,"",https://cdn.shopify.com/s/files/1/0821/8044/0409/files/maria-bottom-black-back.jpg?v=1744718828,1,"",false,Maria Bottom - Black ,"V-shaped bottom.
Mid rise cut with high leg.
Decorative seam on the edges.
Opaque – fully lined.
Quick drying.
Matte finish.
Italian lycra fabric.",166,,adult,,new,FALSE,,,,,,Czech Republic,Swimwear Bottom,611421,FALSE,erwachsene,,lycra,s; m; l,verstellbarer-riemen; schnelltrocknend; leicht; elastischer-bund,weiblich,"",alisa-top-black; alessia-top-black; sophie-top-black,only manual,,,kg,,,active
maria-bottom-black,,,,,,,,,BLACK,,,M,,,,,SW-2022-09-01,29.0,shopify,deny,manual,89.00,,true,true,"",https://cdn.shopify.com/s/files/1/0821/8044/0409/files/maria-brazilian-bikini-bottom-black.jpg?v=1744718828,2,"",,,,,,,,,,,,,,,,,,,,,,,,,,,,,,kg,,,
maria-bottom-black,,,,,,,,,BLACK,,,L,,,,,SW-2022-09-01,32.0,shopify,deny,manual,89.00,,true,true,"",https://cdn.shopify.com/s/files/1/0821/8044/0409/files/63578DD6-5182-4990-B354-0DD168D51965.jpg?v=1745358193,3,"",,,,,,,,,,,,,,,,,,,,,,,,,,,,,,kg,,,
maria-bottom-black,,,,,,,,,,,,,,,,,,,,,,,,,,,https://cdn.shopify.com/s/files/1/0821/8044/0409/files/2B2429BA-6687-4785-8E0F-EBC86B8E17B2.jpg?v=1745358193,4,"",,,,,,,,,,,,,,,,,,,,,,,,,,,,,,,,,
maxine-pareo-beige,MAXINE PAREO,"<p>Pareo wrap skirt.<br>Semi-transparent.<br>Versatile multiuse cover-up garment.<br>Can be tied on the hips.<br>Cover-up for head, shoulders or other parts from the sun light.<br>Light italian chiffon fabric.<br></p>",BILALI The Label,Apparel & Accessories > Clothing > Swimwear,Resortwear,"basic, pareos",true,Color,BEIGE,,Size,ONE SIZE,,,,,"",34.0,shopify,deny,manual,59.00,,true,true,"",https://cdn.shopify.com/s/files/1/0821/8044/0409/files/Maxine-Pareo-Beige.jpg?v=1712566439,1,"",false,Maxine Pareo - Beige ,"Pareo wrap skirt.
Semi-transparent.
Versatile multiuse cover-up garment.
Can be tied on the hips.
Cover-up for head, shoulders or other parts from the sun light.
Light italian chiffon fabric.
",166,,adult,,new,FALSE,,,,,,,Swimwear-Cover Up,611421,FALSE,erwachsene,beige,,einheitsgrosse,leicht; schnelltrocknend; schmeichelnde-silhouette,weiblich,"",lorene-top-beige; sara-bottom-beige; miriam-scrunchie-beige,only manual,,https://cdn.shopify.com/s/files/1/0821/8044/0409/files/Maxine-Pareo-Beige.jpg?v=1712566439,kg,,,active
maxine-pareo-beige,,,,,,,,,,,,,,,,,,,,,,,,,,,https://cdn.shopify.com/s/files/1/0821/8044/0409/files/2021_05_12_bilali_the_label_1168_beige.jpg?v=1712566616,2,"",,,,,,,,,,,,,,,,,,,,,,,,,,,,,,,,,
maxine-pareo-beige,,,,,,,,,,,,,,,,,,,,,,,,,,,https://cdn.shopify.com/s/files/1/0821/8044/0409/files/beige-pareo-resortwear-back.jpg?v=1744705588,3,"",,,,,,,,,,,,,,,,,,,,,,,,,,,,,,,,,
maxine-pareo-beige,,,,,,,,,,,,,,,,,,,,,,,,,,,https://cdn.shopify.com/s/files/1/0821/8044/0409/files/beige-pareo-resortwear-front.jpg?v=1744705569,4,"",,,,,,,,,,,,,,,,,,,,,,,,,,,,,,,,,
giorga-top-black,GIORGIA TOP,<p>Triangle top.<br>Ultra thin straps.<br>Ties at the back and neck.<br>Opaque - fully lined.<br>Not padded.<br>Quick drying.<br>Matte finish.<br>Italian Lycra Fabric.</p>,BILALI The Label,Apparel & Accessories > Clothing > Swimwear,Swimwear,"basic, swimwear, tops",true,Color,BLACK,,Size,S,,,,,SS-2025-22-01,22.0,shopify,deny,manual,89.00,,true,true,"",https://cdn.shopify.com/s/files/1/0821/8044/0409/files/giorgia-triangle-bikini-top-black.jpg?v=1743751039,1,"Stylish Giorgia Triangle Bikini Top made of black Italian Lycra fabric - soft seam, fast-drying, more comfort and perfect fit",false,Giorgia Top - Black,,166,,adult,,new,FALSE,,,,,,Czech Republic,Swimwear Top,611421,FALSE,erwachsene,schwarz,lycra,s; m; l,schmeichelnde-silhouette; leicht; schnelltrocknend,weiblich,"",kaia-bottom-black; evelyn-pareo-black,only manual,,,kg,,,active
giorga-top-black,,,,,,,,,BLACK,,,M,,,,,SS-2025-22-01,26.0,shopify,deny,manual,89.00,,true,true,"",https://cdn.shopify.com/s/files/1/0821/8044/0409/files/kaia-brazilian-bikini-bottom-black.jpg?v=1743420767,2,"Stylish Kaia Brazilian Bikini Botto made of black Italian Lycra fabric with thin adjustable ties - soft seam, fast-drying, more comfort and perfect fit",,,,,,,,,,,,,,,,,,,,,,,,,,,,,,kg,,,
giorga-top-black,,,,,,,,,BLACK,,,L,,,,,SS-2025-22-01,30.0,shopify,deny,manual,89.00,,true,true,"",https://cdn.shopify.com/s/files/1/0821/8044/0409/files/black-thinstrap-triangle-bikini-top-front.jpg?v=1744705973,3,"Luxurious triangle swimwear basic by Bilali the Label. Made from premium Italian Lycra in SoftTheme. Featuring ultra-soft seams, sculpting fit, and fast-drying fabric for effortless elegance on sunny days.",,,,,,,,,,,,,,,,,,,,,,,,,,,,,,kg,,,
giorga-top-black,,,,,,,,,,,,,,,,,,,,,,,,,,,https://cdn.shopify.com/s/files/1/0821/8044/0409/files/A9F8624A-9D1B-4983-8E69-BDCE36279A69.jpg?v=1745345438,4,"",,,,,,,,,,,,,,,,,,,,,,,,,,,,,,,,,
gilda-onepiece-black,GILDA ONEPIECE,<p>Onepiece.<br>High-rise cut with high leg.<br>Adjustable shoulder straps.<br>Deep back neckline.<br>Opaque - fully lined.<br>Quick drying.<br>Matte finish.<br>Italian Lycra Fabric.</p>,BILALI The Label ,Apparel & Accessories > Clothing > Swimwear,Swimwear,"basic, onepiece, swimwear",true,Color,BLACK,,Size,S,,,,,SS-2025-40-01,78.0,shopify,deny,manual,159.00,,true,true,"",https://cdn.shopify.com/s/files/1/0821/8044/0409/files/gilda-onepiece-swimsuit-black.jpg?v=1743751160,1,"Stylish Gilda Onepiece Swimsuit made of black Italian Lycra fabric - soft seam, fast-drying, more comfort and perfect fit",false,Gilda Onepiece - Black,,166,,adult,,new,FALSE,,,,,,Czech Republic,Swimwear Onepiece,611421,FALSE,erwachsene,schwarz,lycra,s; m; l,schmeichelnde-silhouette; leicht; schnelltrocknend,weiblich,"",evelyn-pareo-black; michaela-dress-rose,only manual,,,kg,,,active
gilda-onepiece-black,,,,,,,,,BLACK,,,M,,,,,SS-2025-40-01,86.0,shopify,deny,manual,159.00,,true,true,"",https://cdn.shopify.com/s/files/1/0821/8044/0409/files/Gilda_Onepiece_Swimsuit_Black_Backside.jpg?v=1743418032,2,"Stylish Gilda Onepiece Swimsuit made of black Italian Lycra fabric - soft seam, fast-drying, more comfort and perfect fit",,,,,,,,,,,,,,,,,,,,,,,,,,,,,,kg,,,
gilda-onepiece-black,,,,,,,,,BLACK,,,L,,,,,SS-2025-40-01,95.0,shopify,deny,manual,159.00,,true,true,"",https://cdn.shopify.com/s/files/1/0821/8044/0409/files/5239D97B-F767-4620-A96C-05B96E79A8B8.jpg?v=1744354602,3,"",,,,,,,,,,,,,,,,,,,,,,,,,,,,,,kg,,,
gilda-onepiece-black,,,,,,,,,,,,,,,,,,,,,,,,,,,https://cdn.shopify.com/s/files/1/0821/8044/0409/files/high-waist-swimsuit-black-back.jpg?v=1744564114,4,"",,,,,,,,,,,,,,,,,,,,,,,,,,,,,,,,,
arnela-top-black,ARNELA TOP,<p>Sporty top.<br>Ultra thin straps.<br>Opaque - fully lined.<br>Not padded.<br>Quick drying.<br>Matte finish.<br>Italian Lycra Fabric.</p>,BILALI The Label,Apparel & Accessories > Clothing > Swimwear,Swimwear,"basic, swimwear, tops",true,Color,BLACK,,Size,S,,,,,SS-2025-24-01,25.0,shopify,deny,manual,99.00,,true,true,"",https://cdn.shopify.com/s/files/1/0821/8044/0409/files/arnela-bikini-top-black.jpg?v=1743750532,1,"Stylish Arnela Bikini Top made of black italian Lycra - soft, fast-drying, more comfort and perfect fit",false,Arnela Top - Black,,166,,adult,,new,FALSE,,,,,,Czech Republic,Swimwear Top,611421,FALSE,erwachsene,schwarz,lycra,s; m; l,leicht; schmeichelnde-silhouette; schnelltrocknend,weiblich,"",kaia-bottom-black; evelyn-pareo-black,only manual,,,kg,,,active
arnela-top-black,,,,,,,,,BLACK,,,M,,,,,SS-2025-24-01,28.0,shopify,deny,manual,99.00,,true,true,"",https://cdn.shopify.com/s/files/1/0821/8044/0409/files/kaia-brazilian-bikini-bottom-black.jpg?v=1743420767,2,"Stylish Kaia Brazilian Bikini Botto made of black Italian Lycra fabric with thin adjustable ties - soft seam, fast-drying, more comfort and perfect fit",,,,,,,,,,,,,,,,,,,,,,,,,,,,,,kg,,,
arnela-top-black,,,,,,,,,BLACK,,,L,,,,,SS-2025-24-01,31.0,shopify,deny,manual,99.00,,true,true,"",https://cdn.shopify.com/s/files/1/0821/8044/0409/files/bandeau-bikini-top-black-front.jpg?v=1744564239,3,"",,,,,,,,,,,,,,,,,,,,,,,,,,,,,,kg,,,
arnela-top-black,,,,,,,,,,,,,,,,,,,,,,,,,,,https://cdn.shopify.com/s/files/1/0821/8044/0409/files/black-thinstrap-bandeau-bikini-top-front-bilalithelabel.jpg?v=1745168022,4,"",,,,,,,,,,,,,,,,,,,,,,,,,,,,,,,,,
arnela-top-black,,,,,,,,,,,,,,,,,,,,,,,,,,,https://cdn.shopify.com/s/files/1/0821/8044/0409/files/brazilian-bikini-bottom-black-back.jpg?v=1745005324,5,"",,,,,,,,,,,,,,,,,,,,,,,,,,,,,,,,,
kaia-bottom-black,KAIA BOTTOM,<p>Strap  bottom.<br>Mid to high waist cut.<br>Ultra thin straps.<br>Tie straps on the side.<br>Opaque - fully lined.<br>Not padded.<br>Quick drying.<br>Matte finish.<br>Italian Lycra Fabric.</p>,BILALI The Label,Apparel & Accessories > Clothing > Swimwear,Swimwear,"basic, bottoms, swimwear",true,Color,BLACK,,Size,S,,,,,SS-2025-25-01,26.0,shopify,deny,manual,89.00,,true,true,"",https://cdn.shopify.com/s/files/1/0821/8044/0409/files/kaia-brazilian-bikini-bottom-black.jpg?v=1743420767,1,"Stylish Kaia Brazilian Bikini Botto made of black Italian Lycra fabric with thin adjustable ties - soft seam, fast-drying, more comfort and perfect fit",false,Kaia Bottom - Black ,,166,,adult,,new,FALSE,,,,,,Czech Republic,Swimwear Bottom,611421,FALSE,erwachsene,schwarz,lycra,s; m; l,leicht; schmeichelnde-silhouette; schnelltrocknend,weiblich,"",arnela-top-black; giorga-top-black; evelyn-pareo-black,only manual,,,kg,,,active
kaia-bottom-black,,,,,,,,,BLACK,,,M,,,,,SS-2025-25-01,30.0,shopify,deny,manual,89.00,,true,true,"",https://cdn.shopify.com/s/files/1/0821/8044/0409/files/giorgia-triangle-bikini-top-black.jpg?v=1743751039,2,"Stylish Giorgia Triangle Bikini Top made of black Italian Lycra fabric - soft seam, fast-drying, more comfort and perfect fit",,,,,,,,,,,,,,,,,,,,,,,,,,,,,,kg,,,
kaia-bottom-black,,,,,,,,,BLACK,,,L,,,,,SS-2025-25-01,34.0,shopify,deny,manual,89.00,,true,true,"",https://cdn.shopify.com/s/files/1/0821/8044/0409/files/black-brazilian-bikini-bottom-front.jpg?v=1744705436,3,"Luxurious, one-colored Brazilian bikini bottom by Bilali the Label. Made from premium Italian Lycra. Featuring ultra-soft seams, a minimalistic basic bikini design, second-skin fit, and fast-drying fabric for effortless elegance on sunny days.",,,,,,,,,,,,,,,,,,,,,,,,,,,,,,kg,,,
kaia-bottom-black,,,,,,,,,,,,,,,,,,,,,,,,,,,https://cdn.shopify.com/s/files/1/0821/8044/0409/files/brazilian-bikini-bottom-black-back.jpg?v=1745005324,4,"",,,,,,,,,,,,,,,,,,,,,,,,,,,,,,,,,
alisa-top-black-velvet,ALISA TOP,<p>Strapless bandeau top.<br>Adjustable closure at the back.<br>Side boning for more hold.<br>Opaque - fully lined.<br>Not padded.<br>Quick drying.<br>Matte finish.<br>Velvet finish.<br>Italian Lycra Fabric.</p>,BILALI The Label,Apparel & Accessories > Clothing > Swimwear,Swimwear,"basic, swimwear, tops",true,Color,BLACK VELVET,,Size,S,,,,,SS-2025-38-21,35.0,shopify,deny,manual,99.00,,true,true,"",https://cdn.shopify.com/s/files/1/0821/8044/0409/files/alisa-bandeau-bikini-top-black-velvet.jpg?v=1743421921,1,"Stylish Alisa Bandeau Bikini made of black velvet fabric with adjustable back- soft seam, fast-drying, more comfort and perfect fit",false,Alisa Top - Black Velvet,,166,,adult,,new,FALSE,,,,,,Czech Republic,Swimwear Top,611421,FALSE,erwachsene,schwarz,samt,s; m; l,schnelltrocknend; schmeichelnde-silhouette,weiblich,"",zoe-bottom-black-velvet; evelyn-pareo-black,only manual,,,kg,,,active
alisa-top-black-velvet,,,,,,,,,BLACK VELVET,,,M,,,,,SS-2025-38-21,38.0,shopify,deny,manual,99.00,,true,true,"",https://cdn.shopify.com/s/files/1/0821/8044/0409/files/zoe-brazilian-bikini-bottom-black-velvet.jpg?v=1744190882,2,"Stylish Zoe Brazilian Bikini  Bottom made of black velvet fabric - soft seam, fast-drying, more comfort and perfect fit",,,,,,,,,,,,,,,,,,,,,,,,,,,,,,kg,,,
alisa-top-black-velvet,,,,,,,,,BLACK VELVET,,,L,,,,,SS-2025-38-21,41.0,shopify,deny,manual,99.00,,true,true,"",https://cdn.shopify.com/s/files/1/0821/8044/0409/files/black-velvet-bandeau-bikini-top-black.jpg?v=1744706063,3,"",,,,,,,,,,,,,,,,,,,,,,,,,,,,,,kg,,,
alisa-top-black-velvet,,,,,,,,,,,,,,,,,,,,,,,,,,,https://cdn.shopify.com/s/files/1/0821/8044/0409/files/black-velvet-brazilian-bikini-bottom-back.jpg?v=1744705123,4,"Luxurious, one-colored Brazilian bikini bottom by Bilali the Label. Made from premium Italian Lycra. Featuring ultra-soft seams, a minimalistic basic bikini design, second-skin fit, and fast-drying fabric for effortless elegance on sunny days.",,,,,,,,,,,,,,,,,,,,,,,,,,,,,,,,,
amara-top-black-velvet,AMARA TOP,<p>Butterfly triangle top.<br>Ties at the back.<br>Adjustable thin shoulders straps.<br>Ruched sides for adjustable coverage.<br>Opaque - fully lined.<br>Not padded.<br>Quick drying.<br>Velvet finish.<br>Italian Lycra Fabric.</p>,BILALI The Label,Apparel & Accessories > Clothing > Swimwear,Swimwear,"basic, swimwear, tops",true,Color,BLACK VELVET,,Size,S,,,,,SS-2025-36-21,35.0,shopify,deny,manual,99.00,,true,true,"",https://cdn.shopify.com/s/files/1/0821/8044/0409/files/amara-top-black-velvet.jpg?v=1743750579,1,"Stylish Amara Bikini Top made of blak velvet - soft, fast-drying, more comfort and perfect fit",false,Amara Top - Black Velvet,,166,,adult,,new,FALSE,,,,,,Czech Republic,Swimwear Top,611421,FALSE,erwachsene,schwarz,samt,s; m; l,schnelltrocknend; leicht; schmeichelnde-silhouette; verstellbarer-riemen,weiblich,"",evelyn-pareo-black; gia-bottom-black-velvet,only manual,,,kg,,,active
amara-top-black-velvet,,,,,,,,,BLACK VELVET,,,M,,,,,SS-2025-36-21,37.0,shopify,deny,manual,99.00,,true,true,"",https://cdn.shopify.com/s/files/1/0821/8044/0409/files/gia-brazilian-bikini-bottom-blackvelvet.jpg?v=1743751277,2,"Stylish Gia Brazilian Bikini  Bottom made of black velvet fabric - soft seam, fast-drying, more comfort and perfect fit",,,,,,,,,,,,,,,,,,,,,,,,,,,,,,kg,,,
amara-top-black-velvet,,,,,,,,,BLACK VELVET,,,L,,,,,SS-2025-36-21,40.0,shopify,deny,manual,99.00,,true,true,"",https://cdn.shopify.com/s/files/1/0821/8044/0409/files/black-velvet-twist-bandeau-bikini-top-front.jpg?v=1746623611,3,"",,,,,,,,,,,,,,,,,,,,,,,,,,,,,,kg,,,
amara-top-black-velvet,,,,,,,,,,,,,,,,,,,,,,,,,,,https://cdn.shopify.com/s/files/1/0821/8044/0409/files/twist-bandeau-bikini-top-front-black-velvet.jpg?v=1744705884,4,"",,,,,,,,,,,,,,,,,,,,,,,,,,,,,,,,,
amara-top-black-velvet,,,,,,,,,,,,,,,,,,,,,,,,,,,https://cdn.shopify.com/s/files/1/0821/8044/0409/files/black-velvet-ties-brazilian-bikini-bottom-back.jpg?v=1746623611,5,"Luxurious, one-colored Brazilian bikini bottom by Bilali the Label. Made from premium Italian Lycra. Featuring ultra-soft seams, a minimalistic basic bikini design, second-skin fit, and fast-drying fabric for effortless elegance on sunny days.",,,,,,,,,,,,,,,,,,,,,,,,,,,,,,,,,
zoe-bottom-black-velvet,ZOE BOTTOM,<p>U-Cut bottom.<br>High waist cut.<br>Ruching back detail.<br>Opaque - fully lined.<br>Not padded.<br>Quick drying.<br>Velvet finish.<br>Italian Lycra Fabric.</p>,BILALI The Label,Apparel & Accessories > Clothing > Swimwear,Swimwear,"basic, bottoms, swimwear",true,Color,BLACK VELVET,,Size,S,,,,,SS-2025-39-21,32.0,shopify,deny,manual,99.00,,true,true,"",https://cdn.shopify.com/s/files/1/0821/8044/0409/files/zoe-brazilian-bikini-bottom-black-velvet.jpg?v=1744190882,1,"Stylish Zoe Brazilian Bikini  Bottom made of black velvet fabric - soft seam, fast-drying, more comfort and perfect fit",false,Zoe Bottom - Black Velvet,,166,,adult,,new,FALSE,,,,,,Czech Republic,Swimwear Bottom,611421,FALSE,erwachsene,black-velvet,samt,s; m; l,schnelltrocknend; schmeichelnde-silhouette,weiblich,"",alisa-top-black-velvet; evelyn-pareo-black; rike-dress-champagne,only manual,,,kg,,,active
zoe-bottom-black-velvet,,,,,,,,,BLACK VELVET,,,M,,,,,SS-2025-39-21,34.0,shopify,deny,manual,99.00,,true,true,"",https://cdn.shopify.com/s/files/1/0821/8044/0409/files/alisa-bandeau-bikini-top-black-velvet.jpg?v=1743421921,2,"Stylish Alisa Bandeau Bikini made of black velvet fabric with adjustable back- soft seam, fast-drying, more comfort and perfect fit",,,,,,,,,,,,,,,,,,,,,,,,,,,,,,kg,,,
zoe-bottom-black-velvet,,,,,,,,,BLACK VELVET,,,L,,,,,SS-2025-39-21,39.0,shopify,deny,manual,99.00,,true,true,"",https://cdn.shopify.com/s/files/1/0821/8044/0409/files/brazilian-bikini-bottom-back-black-velvet.jpg?v=1744705664,3,"Luxurious, one-colored Brazilian bikini bottom by Bilali the Label. Made from premium Italian Lycra. Featuring ultra-soft seams, a minimalistic basic bikini design, second-skin fit, and fast-drying fabric for effortless elegance on sunny days.",,,,,,,,,,,,,,,,,,,,,,,,,,,,,,kg,,,
zoe-bottom-black-velvet,,,,,,,,,,,,,,,,,,,,,,,,,,,https://cdn.shopify.com/s/files/1/0821/8044/0409/files/black-velvet-brazilian-bikini-bottom-back.jpg?v=1744705123,4,"Luxurious, one-colored Brazilian bikini bottom by Bilali the Label. Made from premium Italian Lycra. Featuring ultra-soft seams, a minimalistic basic bikini design, second-skin fit, and fast-drying fabric for effortless elegance on sunny days.",,,,,,,,,,,,,,,,,,,,,,,,,,,,,,,,,
zoe-bottom-black-velvet,,,,,,,,,,,,,,,,,,,,,,,,,,,https://cdn.shopify.com/s/files/1/0821/8044/0409/files/black-velvet-bandeau-bikini-top-black.jpg?v=1744706063,5,"",,,,,,,,,,,,,,,,,,,,,,,,,,,,,,,,,
angelina-top-black,ANGELINA TOP,<p>Crincle triangle top.<br>Adjustable over the shoulder straps.<br>Ties at the back.<br>Opaque - fully lined.<br>Not padded.<br>Quick drying.<br>Matte finish.<br>Italian Lycra Fabric.</p>,BILALI The Label,Apparel & Accessories > Clothing > Swimwear,Swimwear,"basic, swimwear, tops",true,Color,BLACK,,Size,S,,,,,SS-2025-26-01,32.0,shopify,deny,manual,99.00,,true,true,"",https://cdn.shopify.com/s/files/1/0821/8044/0409/files/giorgia-bikini-top-black.jpg?v=1745005719,1,"Stylish Amara Bikini Top made of black Italian Lycra fabric - soft seam, fast-drying, more comfort and perfect fit",false,Angelina Top - Black,,166,,adult,,new,FALSE,,,,,,Czech Republic,Swimwear Top,611421,FALSE,erwachsene,schwarz,lycra,s; m; l,schnelltrocknend; leicht; schmeichelnde-silhouette,weiblich,"",mila-bottom-black; evelyn-pareo-black,only manual,,,kg,,,active
angelina-top-black,,,,,,,,,BLACK,,,M,,,,,SS-2025-26-01,35.0,shopify,deny,manual,99.00,,true,true,"",https://cdn.shopify.com/s/files/1/0821/8044/0409/files/mila-brazilian-bikini-bottom-back.jpg?v=1743751242,2,"Stylish Mila Brazilian Bikini Bottom made of black Italian Lycra fabric - soft seam, fast-drying, more comfort and perfect fit",,,,,,,,,,,,,,,,,,,,,,,,,,,,,,kg,,,
angelina-top-black,,,,,,,,,BLACK,,,L,,,,,SS-2025-26-01,38.0,shopify,deny,manual,99.00,,true,true,"",https://cdn.shopify.com/s/files/1/0821/8044/0409/files/cringled-black-triangle-bikini-top-front.jpg?v=1744705526,3,"Luxurious triangle swimwear basic by Bilali the Label. Made from premium Italian Lycra in SoftTheme. Featuring ultra-soft seams, sculpting fit, and fast-drying fabric for effortless elegance on sunny days.",,,,,,,,,,,,,,,,,,,,,,,,,,,,,,kg,,,
angelina-top-black,,,,,,,,,,,,,,,,,,,,,,,,,,,https://cdn.shopify.com/s/files/1/0821/8044/0409/files/cringle-black-triangle-bikini-top-front-bilalithelabel.jpg?v=1745168007,4,"Luxurious triangle swimwear basic by Bilali the Label. Made from premium Italian Lycra in SoftTheme. Featuring ultra-soft seams, sculpting fit, and fast-drying fabric for effortless elegance on sunny days.",,,,,,,,,,,,,,,,,,,,,,,,,,,,,,,,,
mila-bottom-black,MILA BOTTOM,<p>Crincle stap bottom.<br>Mid to high waist cut.<br>Tie straps on the side.<br>Opaque - fully lined.<br>Not padded.<br>Quick drying.<br>Matte finish.<br>Italian Lycra Fabric.</p>,BILALI The Label,Apparel & Accessories > Clothing > Swimwear,Swimwear,"basic, bottoms, swimwear",true,Color,BLACK,,Size,S,,,,,SS-2025-27-01,34.0,shopify,deny,manual,99.00,,true,true,"",https://cdn.shopify.com/s/files/1/0821/8044/0409/files/mila-brazilian-bikini-bottom-back.jpg?v=1743751242,1,"Stylish Mila Brazilian Bikini Bottom made of black Italian Lycra fabric - soft seam, fast-drying, more comfort and perfect fit",false,Mila Bottom - Black,,166,,adult,,new,FALSE,,,,,,Czech Republic,Swimwear Bottom,611421,FALSE,erwachsene,schwarz,lycra,s; m; l,schmeichelnde-silhouette; leicht; schnelltrocknend,weiblich,"",angelina-top-black; evelyn-pareo-black,only manual,,,kg,,,active
mila-bottom-black,,,,,,,,,BLACK,,,M,,,,,SS-2025-27-01,36.0,shopify,deny,manual,99.00,,true,true,"",https://cdn.shopify.com/s/files/1/0821/8044/0409/files/giorgia-bikini-top-black.jpg?v=1745005719,2,"Stylish Amara Bikini Top made of black Italian Lycra fabric - soft seam, fast-drying, more comfort and perfect fit",,,,,,,,,,,,,,,,,,,,,,,,,,,,,,kg,,,
mila-bottom-black,,,,,,,,,BLACK,,,L,,,,,SS-2025-27-01,40.0,shopify,deny,manual,99.00,,true,true,"",https://cdn.shopify.com/s/files/1/0821/8044/0409/files/cringled-black-triangle-bikini-top-front.jpg?v=1744705526,3,"Luxurious triangle swimwear basic by Bilali the Label. Made from premium Italian Lycra in SoftTheme. Featuring ultra-soft seams, sculpting fit, and fast-drying fabric for effortless elegance on sunny days.",,,,,,,,,,,,,,,,,,,,,,,,,,,,,,kg,,,
mila-bottom-black,,,,,,,,,,,,,,,,,,,,,,,,,,,https://cdn.shopify.com/s/files/1/0821/8044/0409/files/cringle-black-triangle-bikini-top-front-bilalithelabel.jpg?v=1745168007,4,"Luxurious triangle swimwear basic by Bilali the Label. Made from premium Italian Lycra in SoftTheme. Featuring ultra-soft seams, sculpting fit, and fast-drying fabric for effortless elegance on sunny days.",,,,,,,,,,,,,,,,,,,,,,,,,,,,,,,,,
chiara-top-offwhite,CHIARA TOP,<p>Wrap beandeau top.<br>Ties at the back.<br>Adjustable thin shoulders straps.<br>Ruched sides for adjustable coverage.<br>Opaque - fully lined.<br>Not padded.<br>Quick drying.<br>Matte finish.<br>Italian Lycra Fabric.</p>,BILALI The Label,Apparel & Accessories > Clothing > Swimwear,Swimwear,"basic, swimwear, tops",true,Color,OFF-WHITE,,Size,S,,,,,SS-2025-28-18,45.0,shopify,deny,manual,99.00,,true,true,"",https://cdn.shopify.com/s/files/1/0821/8044/0409/files/chiara-bandeau-bikini-top-offwhite.jpg?v=1743750748,1,"Stylish Chiara Bandeau Bikini Topmade of white Italian Lycra fabric - soft seam, fast-drying, more comfort and perfect fit",false,Chiara Top - Offwhite,,166,,adult,,new,FALSE,,,,,,Czech Republic,Swimwear Top,611421,FALSE,erwachsene,weiss,lycra,s; m; l,schnelltrocknend; leicht; verstellbarer-riemen; schmeichelnde-silhouette,weiblich,"",noa-bottom-offwhite; evelyn-pareo-white; michaela-dress-rose,only manual,,,kg,,,active
chiara-top-offwhite,,,,,,,,,OFF-WHITE,,,M,,,,,SS-2025-28-18,48.0,shopify,deny,manual,99.00,,true,true,"",https://cdn.shopify.com/s/files/1/0821/8044/0409/files/noa-brazilian-bikini-bottom-white.jpg?v=1744190959,2,"Stylish Noa Brazilian Bikini Bottom made of white Italian Lycra fabric - soft seam, fast-drying, more comfort and perfect fit",,,,,,,,,,,,,,,,,,,,,,,,,,,,,,kg,,,
chiara-top-offwhite,,,,,,,,,OFF-WHITE,,,L,,,,,SS-2025-28-18,51.0,shopify,deny,manual,99.00,,true,true,"",https://cdn.shopify.com/s/files/1/0821/8044/0409/files/white-bandeau-bikini-top-front.jpg?v=1744705920,3,"Luxurious, one-colored Brazilian bikini bottom by Bilali the Label. Made from premium Italian Lycra. Featuring ultra-soft seams, a minimalistic basic bikini design, second-skin fit, and fast-drying fabric for effortless elegance on sunny days.",,,,,,,,,,,,,,,,,,,,,,,,,,,,,,kg,,,
chiara-top-offwhite,,,,,,,,,,,,,,,,,,,,,,,,,,,https://cdn.shopify.com/s/files/1/0821/8044/0409/files/bandeau-bikini-top-front-white.jpg?v=1744705945,4,"",,,,,,,,,,,,,,,,,,,,,,,,,,,,,,,,,
noa-bottom-offwhite,NOA BOTTOM,<p>Brazilian bikini bottom.<br>Adjustable thin side straps.<br>Ruched front and back for adjustable coverage.<br>Opaque - fully lined.<br>Not padded.<br>Quick drying.<br>Matte finish.<br>Italian Lycra Fabric.</p>,BILALI The Label,Apparel & Accessories > Clothing > Swimwear,Swimwear,"basic, bottoms, swimwear",true,Color,OFF-WHITE,,Size,S,,,,,SS-2025-29-18,57.0,shopify,deny,manual,99.00,,true,true,"",https://cdn.shopify.com/s/files/1/0821/8044/0409/files/noa-brazilian-bikini-bottom-white.jpg?v=1744190959,1,"Stylish Noa Brazilian Bikini Bottom made of white Italian Lycra fabric - soft seam, fast-drying, more comfort and perfect fit",false,Noa Bottom - Offwhite,,166,,adult,,new,FALSE,,,,,,Czech Republic,Swimwear Bottom,611421,FALSE,erwachsene,weiss,lycra,s; m; l,schmeichelnde-silhouette; leicht; schnelltrocknend; verstellbarer-riemen,weiblich,"",chiara-top-offwhite; evelyn-pareo-white; rike-dress-champagne,only manual,,,kg,,,active
noa-bottom-offwhite,,,,,,,,,OFF-WHITE,,,M,,,,,SS-2025-29-18,60.0,shopify,deny,manual,99.00,,true,true,"",https://cdn.shopify.com/s/files/1/0821/8044/0409/files/chiara-bandeau-bikini-top-offwhite.jpg?v=1743750748,2,"Stylish Chiara Bandeau Bikini Topmade of white Italian Lycra fabric - soft seam, fast-drying, more comfort and perfect fit",,,,,,,,,,,,,,,,,,,,,,,,,,,,,,kg,,,
noa-bottom-offwhite,,,,,,,,,OFF-WHITE,,,L,,,,,SS-2025-29-18,63.0,shopify,deny,manual,99.00,,true,true,"",https://cdn.shopify.com/s/files/1/0821/8044/0409/files/9E4E8A5B-98FF-4AE2-9B67-CFA49814F4EF.jpg?v=1744355327,3,"Luxurious, one-colored Brazilian bikini bottom by Bilali the Label. Made from premium Italian Lycra. Featuring ultra-soft seams, a minimalistic basic bikini design, second-skin fit, and fast-drying fabric for effortless elegance on sunny days.",,,,,,,,,,,,,,,,,,,,,,,,,,,,,,kg,,,
noa-bottom-offwhite,,,,,,,,,,,,,,,,,,,,,,,,,,,https://cdn.shopify.com/s/files/1/0821/8044/0409/files/bandeau-bikini-top-front-white.jpg?v=1744705945,4,"",,,,,,,,,,,,,,,,,,,,,,,,,,,,,,,,,
maja-top-dark-brown,MAJA TOP,<p>Triangle top.<br>Adjustable shoulders straps.<br>Ties at the back.<br>Opaque - fully lined.<br>Not padded.<br>Quick drying.<br>Shiny finish.<br>Italian Lycra Fabric.</p>,BILALI The Label ,Apparel & Accessories > Clothing > Swimwear,Swimwear,"basic, swimwear, tops",true,COLOR,DARK BROWN,,SIZE,S,,,,,SS-2025-18-20,34.0,shopify,deny,manual,89.00,,true,true,"",https://cdn.shopify.com/s/files/1/0821/8044/0409/files/maja-triangle-bikini-top-brown.jpg?v=1743420345,1,"Luxury Maja Triangle Bikini Top made of shiny brown Italian Lycra fabric with adjustable ties - soft seam, fast-drying, more comfort and perfect fit",false,Maja Top - Dark Brown,,166,,adult,,new,FALSE,,,,,,Czech Republic,Swimwear Top,611421,FALSE,erwachsene,braun,lycra,s; m; l,schnelltrocknend; leicht; schmeichelnde-silhouette; verstellbarer-riemen,weiblich,"",valentina-bottom-dark-brown; evelyn-pareo-brown,only manual,,,kg,,,active
maja-top-dark-brown,,,,,,,,,DARK BROWN,,,M,,,,,SS-2025-18-20,37.0,shopify,deny,manual,89.00,,true,true,"",https://cdn.shopify.com/s/files/1/0821/8044/0409/files/valentina-brazilian-bikini-bottom-brown.jpg?v=1743420267,2,"Stylish Valentina Brazilian Bikini Bottom made of shiny brown Italian Lycra fabric with ties - soft seam, fast-drying, more comfort and perfect fit",,,,,,,,,,,,,,,,,,,,,,,,,,,,,,kg,,,
maja-top-dark-brown,,,,,,,,,DARK BROWN,,,L,,,,,SS-2025-18-20,39.0,shopify,deny,manual,89.00,,true,true,"",https://cdn.shopify.com/s/files/1/0821/8044/0409/files/dark-brown-triangle-top-bikini-front.jpg?v=1744564383,3,"",,,,,,,,,,,,,,,,,,,,,,,,,,,,,,kg,,,
maja-top-dark-brown,,,,,,,,,,,,,,,,,,,,,,,,,,,https://cdn.shopify.com/s/files/1/0821/8044/0409/files/78499261-9587-45E2-B28D-388BDCD54105.jpg?v=1744360630,4,"",,,,,,,,,,,,,,,,,,,,,,,,,,,,,,,,,
maja-top-khaki,MAJA TOP,<p>Triangle top.<br>Adjustable shoulders straps.<br>Ties at the back.<br>Opaque - fully lined.<br>Not padded.<br>Quick drying.<br>Shiny finish.<br>Italian Lycra Fabric.</p>,BILALI The Label ,Apparel & Accessories > Clothing > Swimwear,Swimwear,"basic, swimwear, tops",true,Color,KHAKI,,Size,S,,,,,SS-2025-18-09,34.0,shopify,deny,manual,89.00,,true,true,"",https://cdn.shopify.com/s/files/1/0821/8044/0409/files/maja-triangle-bikini-top-khaki.jpg?v=1743751012,1,"Stylish Maja Triangle Bikini Top made of shiny khaki Italian Lycra fabric - soft seam, fast-drying, more comfort and perfect fit",false,Maja Top - Khaki,,166,,adult,,new,FALSE,,,,,,Czech Republic,Swimwear Top,611421,FALSE,erwachsene,khaki,lycra,l; m; s,schnelltrocknend; leicht; schmeichelnde-silhouette,weiblich,"",valentina-bottom-khaki; evelyn-pareo-khaki,only manual,,,kg,,,active
maja-top-khaki,,,,,,,,,KHAKI,,,M,,,,,SS-2025-18-09,37.0,shopify,deny,manual,89.00,,true,true,"",https://cdn.shopify.com/s/files/1/0821/8044/0409/files/valentina-brazilian-bikini-bottom-khaki.jpg?v=1743751067,2,"Stylish Valentina Brazilian Bikini Bottom made of shiny khaki Italian Lycra fabric - soft seam, fast-drying, more comfort and perfect fit",,,,,,,,,,,,,,,,,,,,,,,,,,,,,,kg,,,
maja-top-khaki,,,,,,,,,KHAKI,,,L,,,,,SS-2025-18-09,39.0,shopify,deny,manual,89.00,,true,true,"",https://cdn.shopify.com/s/files/1/0821/8044/0409/files/khaki-triangle-bikini-top-front.jpg?v=1744705470,3,"Luxurious triangle swimwear basic by Bilali the Label. Made from premium Italian Lycra in SoftTheme. Featuring ultra-soft seams, sculpting fit, and fast-drying fabric for effortless elegance on sunny days.",,,,,,,,,,,,,,,,,,,,,,,,,,,,,,kg,,,
maja-top-khaki,,,,,,,,,,,,,,,,,,,,,,,,,,,https://cdn.shopify.com/s/files/1/0821/8044/0409/files/khaki-brazilian-bikini-bottom-back.jpg?v=1744705758,4,"Luxurious, one-colored Brazilian bikini bottom by Bilali the Label. Made from premium Italian Lycra. Featuring ultra-soft seams, a minimalistic basic bikini design, second-skin fit, and fast-drying fabric for effortless elegance on sunny days.",,,,,,,,,,,,,,,,,,,,,,,,,,,,,,,,,
lorene-top-ocean-blue,LORENE TOP,"<p><span style=""font-size: 0.875rem;"">Triangle top.<br></span>Adjustable over the shoulder straps.<br>Adjustable under the bust strap.<br>Opaque - fully lined.<br>Not padded.<br>Quick drying.<br>Matte finish.<br>Italian Lycra Fabric.</p>",BILALI The Label,Apparel & Accessories > Clothing > Swimwear,Swimwear,"basic, swimwear, tops",true,COLOR,OCEAN BLUE,,Size,S,,,,,SS-2025-02-17,32.0,shopify,deny,manual,89.00,,true,true,"",https://cdn.shopify.com/s/files/1/0821/8044/0409/files/lorene-triangle-bikini-top-oceanblue.jpg?v=1743751133,1,"Stylish Lorene Triangle Bikini Top made of ocean blue Italian Lycra fabric - soft seam, fast-drying, more comfort and perfect fit",false,Lorene Top - Ocean Blue,,166,,adult,,new,FALSE,,,,,,Czech Republic,Swimwear Top,611421,FALSE,erwachsene,ocean-blue,lycra,s; m; l,schnelltrocknend; leicht; schmeichelnde-silhouette; verstellbarer-riemen,weiblich,"",sara-bottom-ocean-blue; evelyn-pareo-anthracite,only manual,,,kg,,,active
lorene-top-ocean-blue,,,,,,,,,OCEAN BLUE,,,M,,,,,SS-2025-02-17,35.0,shopify,deny,manual,89.00,,true,true,"",https://cdn.shopify.com/s/files/1/0821/8044/0409/files/Sara_Brazilian_Bikini_Bottom_Ocean_Blue.jpg?v=1743418117,2,"Stylish Sara Brazilian Bikini Bottom made of ocean blue Italian Lycra fabric - soft seam, fast-drying, more comfort and perfect fit",,,,,,,,,,,,,,,,,,,,,,,,,,,,,,kg,,,
lorene-top-ocean-blue,,,,,,,,,OCEAN BLUE,,,L,,,,,SS-2025-02-17,38.0,shopify,deny,manual,89.00,,true,true,"",https://cdn.shopify.com/s/files/1/0821/8044/0409/files/5C0BD32D-8A71-408F-9377-5A4EA8D8CA63.jpg?v=1744355927,3,"Luxurious triangle swimwear basic by Bilali the Label. Made from premium Italian Lycra in SoftTheme. Featuring ultra-soft seams, sculpting fit, and fast-drying fabric for effortless elegance on sunny days.",,,,,,,,,,,,,,,,,,,,,,,,,,,,,,kg,,,
lorene-top-ocean-blue,,,,,,,,,,,,,,,,,,,,,,,,,,,https://cdn.shopify.com/s/files/1/0821/8044/0409/files/blue-triangle-top-bikini-front.jpg?v=1745004955,4,"Luxurious triangle swimwear basic by Bilali the Label. Made from premium Italian Lycra in SoftTheme. Featuring ultra-soft seams, sculpting fit, and fast-drying fabric for effortless elegance on sunny days.",,,,,,,,,,,,,,,,,,,,,,,,,,,,,,,,,
lorene-top-ocean-blue,,,,,,,,,,,,,,,,,,,,,,,,,,,https://cdn.shopify.com/s/files/1/0821/8044/0409/files/blue-bbrazilian-bikini-bottom-back.jpg?v=1744564199,5,"Luxurious, one-colored Brazilian bikini bottom by Bilali the Label. Made from premium Italian Lycra. Featuring ultra-soft seams, a minimalistic basic bikini design, second-skin fit, and fast-drying fabric for effortless elegance on sunny days.",,,,,,,,,,,,,,,,,,,,,,,,,,,,,,,,,
lorene-top-brown,LORENE TOP,<p>Triangle top.<br>Adjustable over the shoulder straps.<br>Adjustable under the bust strap.<br>Opaque - fully lined.<br>Not padded.<br>Quick drying.<br>Matte finish.<br>Italian Lycra Fabric.</p>,BILALI The Label ,Apparel & Accessories > Clothing > Swimwear,Swimwear,"basic, swimwear, tops",true,Color,CHOCOLATE BROWN,,Size,S,,,,,SS-2025-02-19,32.0,shopify,deny,manual,89.00,,true,true,"",https://cdn.shopify.com/s/files/1/0821/8044/0409/files/lorene-triangle-bikini-top-brown.jpg?v=1743420144,1,"Stylish Lorene Triangle Bikini Top made of brown Italian Lycra fabric with adjustable straps - soft seam, fast-drying, more comfort and perfect fit",false,Lorene Top - Chocolate Brown,Triangle top. Adjustable over the shoulder and under the bust straps. Not padded. Quick drying. Matte finish. Italian lycra fabric.,166,,adult,,new,FALSE,,,,,,Czech Republic,Swimwear Top,611421,FALSE,erwachsene,chocolate-brown,lycra,s; m; l,schmeichelnde-silhouette; leicht,weiblich,"",sara-bottom-brown; evelyn-pareo-brown,only manual,,,kg,,,active
lorene-top-brown,,,,,,,,,CHOCOLATE BROWN,,,M,,,,,SS-2025-02-19,35.0,shopify,deny,manual,89.00,,true,true,"",https://cdn.shopify.com/s/files/1/0821/8044/0409/files/Sara_Brazilian_Bikini_Bottom_Brown.jpg?v=1743418151,2,"Stylish Sara Brazilian Bikini Bottom made of brown Italian Lycra fabric - soft seam, fast-drying, more comfort and perfect fit",,,,,,,,,,,,,,,,,,,,,,,,,,,,,,kg,,,
lorene-top-brown,,,,,,,,,CHOCOLATE BROWN,,,L,,,,,SS-2025-02-19,38.0,shopify,deny,manual,89.00,,true,true,"",https://cdn.shopify.com/s/files/1/0821/8044/0409/files/brown-triangle-bikini-top-bilalithelabel.jpg?v=1745167325,3,"Luxurious triangle swimwear basic by Bilali the Label. Made from premium Italian Lycra in SoftTheme. Featuring ultra-soft seams, sculpting fit, and fast-drying fabric for effortless elegance on sunny days.",,,,,,,,,,,,,,,,,,,,,,,,,,,,,,kg,,,
lorene-top-brown,,,,,,,,,,,,,,,,,,,,,,,,,,,https://cdn.shopify.com/s/files/1/0821/8044/0409/files/brown-brazilian-bikini-bottom-back.jpg?v=1745005149,4,"Luxurious, one-colored Brazilian bikini bottom by Bilali the Label. Made from premium Italian Lycra. Featuring ultra-soft seams, a minimalistic basic bikini design, second-skin fit, and fast-drying fabric for effortless elegance on sunny days.",,,,,,,,,,,,,,,,,,,,,,,,,,,,,,,,,
valentina-bottom-khaki,VALENTINA BOTTOM,"<p>Strap<span style=""mso-spacerun: yes;"">  </span>bottom <br>Mid to high waist cut<br>Tie straps on the side<br>Opaque - fully lined<br>Not padded<br>Quick drying<br>Shiny finish<br>Italian Lycra Fabric</p>",BILALI The Label ,Apparel & Accessories > Clothing > Swimwear,Swimwear,"basic, bottoms, swimwear",true,Color,KHAKI,,Size,S,,,,,SS-2025-19-09,34.0,shopify,deny,manual,89.00,,true,true,"",https://cdn.shopify.com/s/files/1/0821/8044/0409/files/valentina-brazilian-bikini-bottom-khaki.jpg?v=1743751067,1,"Stylish Valentina Brazilian Bikini Bottom made of shiny khaki Italian Lycra fabric - soft seam, fast-drying, more comfort and perfect fit",false,Valentina Bottom - Khaki,"Strap bottom.
Mid to high waist cut.
Tie straps on the side.
Opaque - fully lined.
Not padded.
Quick drying.
Shiny finish.
Italian Lycra Fabric.",166,,adult,,new,FALSE,,,,,,Czech Republic,Swimwear Bottom,611421,FALSE,erwachsene,khaki,lycra,s; m; l,leicht; schmeichelnde-silhouette; schnelltrocknend,weiblich,,evelyn-pareo-khaki; maja-top-khaki,only manual,,,kg,,,active
valentina-bottom-khaki,,,,,,,,,KHAKI,,,M,,,,,SS-2025-19-09,36.0,shopify,deny,manual,89.00,,true,true,"",https://cdn.shopify.com/s/files/1/0821/8044/0409/files/maja-triangle-bikini-top-khaki.jpg?v=1743751012,2,"Stylish Maja Triangle Bikini Top made of shiny khaki Italian Lycra fabric - soft seam, fast-drying, more comfort and perfect fit",,,,,,,,,,,,,,,,,,,,,,,,,,,,,,kg,,,
valentina-bottom-khaki,,,,,,,,,KHAKI,,,L,,,,,SS-2025-19-09,40.0,shopify,deny,manual,89.00,,true,true,"",https://cdn.shopify.com/s/files/1/0821/8044/0409/files/khaki-brazilian-bikini-bottom-back.jpg?v=1744705758,3,"Luxurious, one-colored Brazilian bikini bottom by Bilali the Label. Made from premium Italian Lycra. Featuring ultra-soft seams, a minimalistic basic bikini design, second-skin fit, and fast-drying fabric for effortless elegance on sunny days.",,,,,,,,,,,,,,,,,,,,,,,,,,,,,,kg,,,
valentina-bottom-khaki,,,,,,,,,,,,,,,,,,,,,,,,,,,https://cdn.shopify.com/s/files/1/0821/8044/0409/files/khaki-triangle-bikini-top-front.jpg?v=1744705470,4,"Luxurious triangle swimwear basic by Bilali the Label. Made from premium Italian Lycra in SoftTheme. Featuring ultra-soft seams, sculpting fit, and fast-drying fabric for effortless elegance on sunny days.",,,,,,,,,,,,,,,,,,,,,,,,,,,,,,,,,
valentina-bottom-dark-brown,VALENTINA BOTTOM,"<p>Strap<span style=""mso-spacerun: yes;""> </span>bottom <br>Mid to high waist cut<br>Tie straps on the side<br>Opaque - fully lined<br>Not padded<br>Quick drying<br>Shiny finish<br>Italian Lycra Fabric</p>",BILALI The Label,Apparel & Accessories > Clothing > Swimwear,Swimwear,"basic, bottoms, swimwear",true,Color,DARK BROWN,,Size,S,,,,,SS-2025-19-20,34.0,shopify,deny,manual,89.00,,true,true,"",https://cdn.shopify.com/s/files/1/0821/8044/0409/files/valentina-brazilian-bikini-bottom-brown.jpg?v=1743420267,1,"Stylish Valentina Brazilian Bikini Bottom made of shiny brown Italian Lycra fabric with ties - soft seam, fast-drying, more comfort and perfect fit",false,Valentina Bottom - Dark Brown,"Strap bottom.
Mid to high waist cut.
Tie straps on the side.
Opaque - fully lined.
Not padded.
Quick drying.
Shiny finish.
Italian Lycra Fabric.",166,,adult,,new,FALSE,,,,,,Czech Republic,Swimwear Bottom,611421,FALSE,erwachsene,braun,lycra,s; m; l,schmeichelnde-silhouette; leicht; schnelltrocknend; verstellbarer-riemen,weiblich,"",evelyn-pareo-brown; maja-top-dark-brown,only manual,,,kg,,,active
valentina-bottom-dark-brown,,,,,,,,,DARK BROWN,,,M,,,,,SS-2025-19-20,36.0,shopify,deny,manual,89.00,,true,true,"",https://cdn.shopify.com/s/files/1/0821/8044/0409/files/maja-triangle-bikini-top-brown.jpg?v=1743420345,2,"Luxury Maja Triangle Bikini Top made of shiny brown Italian Lycra fabric with adjustable ties - soft seam, fast-drying, more comfort and perfect fit",,,,,,,,,,,,,,,,,,,,,,,,,,,,,,kg,,,
valentina-bottom-dark-brown,,,,,,,,,DARK BROWN,,,L,,,,,SS-2025-19-20,40.0,shopify,deny,manual,89.00,,true,true,"",https://cdn.shopify.com/s/files/1/0821/8044/0409/files/78499261-9587-45E2-B28D-388BDCD54105.jpg?v=1744360630,3,"",,,,,,,,,,,,,,,,,,,,,,,,,,,,,,kg,,,
valentina-bottom-dark-brown,,,,,,,,,,,,,,,,,,,,,,,,,,,https://cdn.shopify.com/s/files/1/0821/8044/0409/files/dark-brown-triangle-top-bikini-front.jpg?v=1744564383,4,"",,,,,,,,,,,,,,,,,,,,,,,,,,,,,,,,,
sara-bottom-brown,SARA BOTTOM,<p>Strap bottom <br>Adjustable side straps<br>Can be worn high or low waist<br>Opaque - fully lined<br>Quick drying<br>Matte finish<br>Italian Lycra Fabric</p>,BILALI The Label,Apparel & Accessories > Clothing > Swimwear,Swimwear,"basic, bottoms, swimwear",true,Color,CHOCOLATE BROWN,,Size,S,,,,,SS-2025-07-19,22.0,shopify,deny,manual,89.00,,true,true,"",https://cdn.shopify.com/s/files/1/0821/8044/0409/files/Sara_Brazilian_Bikini_Bottom_Brown.jpg?v=1743418151,1,"Stylish Sara Brazilian Bikini Bottom made of brown Italian Lycra fabric - soft seam, fast-drying, more comfort and perfect fit",false,Sara Bottom - Brown,"Strap bottom.
Adjustable side straps.
Can be worn high or low waist.
Opaque - fully lined.
Quick drying.
Matte finish.
Italian Lycra Fabric.",166,,adult,,new,FALSE,,,,,,Czech Republic,Swimwear Bottom,611421,FALSE,erwachsene,chocolate-brown,lycra,s; m; l,schnelltrocknend; verstellbarer-riemen,weiblich,,evelyn-pareo-brown; lorene-top-brown,only manual,,,kg,,,active
sara-bottom-brown,,,,,,,,,CHOCOLATE BROWN,,,M,,,,,SS-2025-07-19,25.0,shopify,deny,manual,89.00,,true,true,"",https://cdn.shopify.com/s/files/1/0821/8044/0409/files/lorene-triangle-bikini-top-brown.jpg?v=1743420144,2,"Stylish Lorene Triangle Bikini Top made of brown Italian Lycra fabric with adjustable straps - soft seam, fast-drying, more comfort and perfect fit",,,,,,,,,,,,,,,,,,,,,,,,,,,,,,kg,,,
sara-bottom-brown,,,,,,,,,CHOCOLATE BROWN,,,L,,,,,SS-2025-07-19,26.0,shopify,deny,manual,89.00,,true,true,"",https://cdn.shopify.com/s/files/1/0821/8044/0409/files/brown-brazilian-bikini-bottom-back.jpg?v=1745005149,3,"Luxurious, one-colored Brazilian bikini bottom by Bilali the Label. Made from premium Italian Lycra. Featuring ultra-soft seams, a minimalistic basic bikini design, second-skin fit, and fast-drying fabric for effortless elegance on sunny days.",,,,,,,,,,,,,,,,,,,,,,,,,,,,,,kg,,,
sara-bottom-brown,,,,,,,,,,,,,,,,,,,,,,,,,,,https://cdn.shopify.com/s/files/1/0821/8044/0409/files/brown-triangle-bikini-top-bilalithelabel.jpg?v=1745167325,4,"Luxurious triangle swimwear basic by Bilali the Label. Made from premium Italian Lycra in SoftTheme. Featuring ultra-soft seams, sculpting fit, and fast-drying fabric for effortless elegance on sunny days.",,,,,,,,,,,,,,,,,,,,,,,,,,,,,,,,,
sara-bottom-ocean-blue,SARA BOTTOM,<p>Strap bottom. <br>Adjustable side straps.<br>Can be worn high or low waist.<br>Opaque - fully lined.<br>Quick drying.<br>Matte finish.<br>Italian Lycra Fabric.</p>,BILALI The Label,Apparel & Accessories > Clothing > Swimwear,Swimwear,"basic, bottoms, swimwear",true,Color,OCEAN BLUE,,Size,S,,,,,SS-2025-07-17,32.0,shopify,deny,manual,89.00,,true,true,"",https://cdn.shopify.com/s/files/1/0821/8044/0409/files/Sara_Brazilian_Bikini_Bottom_Ocean_Blue.jpg?v=1743418117,1,"Stylish Sara Brazilian Bikini Bottom made of ocean blue Italian Lycra fabric - soft seam, fast-drying, more comfort and perfect fit",false,Sara Bottom - Ocean Blue,"Strap bottom.
Adjustable side straps.
Can be worn high or low waist.
Opaque - fully lined.
Quick drying.
Matte finish.
Italian Lycra Fabric.",166,,adult,,new,FALSE,,,,,,Czech Republic,Swimwear Bottom,611421,FALSE,erwachsene,blau,lycra,s; m; l,verstellbarer-riemen; schnelltrocknend; leicht; schmeichelnde-silhouette,weiblich,"",lorene-top-ocean-blue; evelyn-pareo-anthracite,only manual,,,kg,,,active
sara-bottom-ocean-blue,,,,,,,,,OCEAN BLUE,,,M,,,,,SS-2025-07-17,35.0,shopify,deny,manual,89.00,,true,true,"",https://cdn.shopify.com/s/files/1/0821/8044/0409/files/lorene-triangle-bikini-top-oceanblue.jpg?v=1743751133,2,"Stylish Lorene Triangle Bikini Top made of ocean blue Italian Lycra fabric - soft seam, fast-drying, more comfort and perfect fit",,,,,,,,,,,,,,,,,,,,,,,,,,,,,,kg,,,
sara-bottom-ocean-blue,,,,,,,,,OCEAN BLUE,,,L,,,,,SS-2025-07-17,38.0,shopify,deny,manual,89.00,,true,true,"",https://cdn.shopify.com/s/files/1/0821/8044/0409/files/blue-bbrazilian-bikini-bottom-back.jpg?v=1744564199,3,"Luxurious, one-colored Brazilian bikini bottom by Bilali the Label. Made from premium Italian Lycra. Featuring ultra-soft seams, a minimalistic basic bikini design, second-skin fit, and fast-drying fabric for effortless elegance on sunny days.",,,,,,,,,,,,,,,,,,,,,,,,,,,,,,kg,,,
sara-bottom-ocean-blue,,,,,,,,,,,,,,,,,,,,,,,,,,,https://cdn.shopify.com/s/files/1/0821/8044/0409/files/blue-triangle-top-bikini-front.jpg?v=1745004955,4,"Luxurious triangle swimwear basic by Bilali the Label. Made from premium Italian Lycra in SoftTheme. Featuring ultra-soft seams, sculpting fit, and fast-drying fabric for effortless elegance on sunny days.",,,,,,,,,,,,,,,,,,,,,,,,,,,,,,,,,
sara-bottom-ocean-blue,,,,,,,,,,,,,,,,,,,,,,,,,,,https://cdn.shopify.com/s/files/1/0821/8044/0409/files/5C0BD32D-8A71-408F-9377-5A4EA8D8CA63.jpg?v=1744355927,5,"Luxurious triangle swimwear basic by Bilali the Label. Made from premium Italian Lycra in SoftTheme. Featuring ultra-soft seams, sculpting fit, and fast-drying fabric for effortless elegance on sunny days.",,,,,,,,,,,,,,,,,,,,,,,,,,,,,,,,,
gia-bottom-black-velvet,GIA BOTTOM,<p>U-Cut strap bottom.<br>High waist cut.<br>Tie straps on the side.<br>Ruching back detail.<br>Opaque - fully lined.<br>Not padded.<br>Quick drying.<br>Velvet finish.<br>Italian Lycra Fabric.</p>,BILALI The Label,Apparel & Accessories > Clothing > Swimwear,Swimwear,"basic, bottoms, swimwear",true,Color,BLACK VELVET,,Size,S,,,,,SS-2025-37-21,41.0,shopify,deny,manual,99.00,,true,true,"",https://cdn.shopify.com/s/files/1/0821/8044/0409/files/8A82EC8E-7D4A-461E-998C-CF409C8D21C0.jpg?v=1746623611,1,"",false,Gia Bottom - Black Velvet,,166,,adult,,new,FALSE,,,,,,Czech Republic,Swimwear Bottom,611421,FALSE,erwachsene,schwarz,samt,s; m; l,schnelltrocknend; leicht; schmeichelnde-silhouette,weiblich,"",amara-top-black-velvet; evelyn-pareo-black,only manual,,,kg,,,active
gia-bottom-black-velvet,,,,,,,,,BLACK VELVET,,,M,,,,,SS-2025-37-21,44.0,shopify,deny,manual,99.00,,true,true,"",https://cdn.shopify.com/s/files/1/0821/8044/0409/files/amara-bikini-top-black-velvet.jpg?v=1746623611,2,"Stylish Amara Bikini Top made of black velvet - soft, fast-drying, more comfort and perfect fit",,,,,,,,,,,,,,,,,,,,,,,,,,,,,,kg,,,
gia-bottom-black-velvet,,,,,,,,,BLACK VELVET,,,L,,,,,SS-2025-37-21,47.0,shopify,deny,manual,99.00,,true,true,"",https://cdn.shopify.com/s/files/1/0821/8044/0409/files/black-velvet-ties-brazilian-bikini-bottom-back.jpg?v=1746623611,3,"Luxurious, one-colored Brazilian bikini bottom by Bilali the Label. Made from premium Italian Lycra. Featuring ultra-soft seams, a minimalistic basic bikini design, second-skin fit, and fast-drying fabric for effortless elegance on sunny days.",,,,,,,,,,,,,,,,,,,,,,,,,,,,,,kg,,,
gia-bottom-black-velvet,,,,,,,,,,,,,,,,,,,,,,,,,,,https://cdn.shopify.com/s/files/1/0821/8044/0409/files/black-velvet-twist-bandeau-bikini-top-front.jpg?v=1746623611,4,"",,,,,,,,,,,,,,,,,,,,,,,,,,,,,,,,,
